param,value,time,tag
param_id_0,1,531,eq
param_id_0,1,281,eq
param_id_0,1,260,eq
param_id_0,1,431,eq
param_id_0,1,531,eq
param_id_0,1,271,eq
param_id_0,1,711,eq
param_id_0,1,280,eq
param_id_0,1,280,eq
param_id_0,1,371,eq
param_id_0,9,371,eq
param_id_0,9,310,eq
param_id_0,9,291,eq
param_id_0,9,290,eq
param_id_0,9,311,eq
param_id_0,9,311,eq
param_id_0,9,281,eq
param_id_0,9,732,eq
param_id_0,9,291,eq
param_id_0,9,320,eq
param_id_0,17,341,eq
param_id_0,17,390,eq
param_id_0,17,310,eq
param_id_0,17,311,eq
param_id_0,17,722,eq
param_id_0,17,290,eq
param_id_0,17,451,eq
param_id_0,17,281,eq
param_id_0,17,771,eq
param_id_0,17,401,eq
param_id_0,25,601,eq
param_id_0,25,721,eq
param_id_0,25,401,eq
param_id_0,25,751,eq
param_id_0,25,451,eq
param_id_0,25,411,eq
param_id_0,25,430,eq
param_id_0,25,431,eq
param_id_0,25,1142,eq
param_id_0,25,411,eq
param_id_0,33,611,eq
param_id_0,33,882,eq
param_id_0,33,341,eq
param_id_0,33,632,eq
param_id_0,33,1153,eq
param_id_0,33,411,eq
param_id_0,33,430,eq
param_id_0,33,441,eq
param_id_0,33,601,eq
param_id_0,33,551,eq
param_id_0,41,471,eq
param_id_0,41,451,eq
param_id_0,41,491,eq
param_id_0,41,441,eq
param_id_0,41,471,eq
param_id_0,41,460,eq
param_id_0,41,691,eq
param_id_0,41,1303,eq
param_id_0,41,892,eq
param_id_0,41,461,eq
param_id_0,49,501,eq
param_id_0,49,481,eq
param_id_0,49,511,eq
param_id_0,49,521,eq
param_id_0,49,471,eq
param_id_0,49,460,eq
param_id_0,49,892,eq
param_id_0,49,752,eq
param_id_0,49,751,eq
param_id_0,49,771,eq
param_id_0,57,851,eq
param_id_0,57,631,eq
param_id_0,57,511,eq
param_id_0,57,611,eq
param_id_0,57,491,eq
param_id_0,57,581,eq
param_id_0,57,511,eq
param_id_0,57,962,eq
param_id_0,57,582,eq
param_id_0,57,691,eq
param_id_0,65,782,eq
param_id_0,65,481,eq
param_id_0,65,511,eq
param_id_0,65,491,eq
param_id_0,65,461,eq
param_id_0,65,500,eq
param_id_0,65,481,eq
param_id_0,65,500,eq
param_id_0,65,491,eq
param_id_0,65,471,eq
param_id_0,73,611,eq
param_id_0,73,722,eq
param_id_0,73,842,eq
param_id_0,73,561,eq
param_id_0,73,561,eq
param_id_0,73,581,eq
param_id_0,73,832,eq
param_id_0,73,882,eq
param_id_0,73,501,eq
param_id_0,73,491,eq
param_id_0,81,561,eq
param_id_0,81,521,eq
param_id_0,81,521,eq
param_id_0,81,511,eq
param_id_0,81,491,eq
param_id_0,81,801,eq
param_id_0,81,531,eq
param_id_0,81,652,eq
param_id_0,81,651,eq
param_id_0,81,521,eq
param_id_0,89,601,eq
param_id_0,89,561,eq
param_id_0,89,551,eq
param_id_0,89,511,eq
param_id_0,89,541,eq
param_id_0,89,581,eq
param_id_0,89,531,eq
param_id_0,89,792,eq
param_id_0,89,551,eq
param_id_0,89,531,eq
param_id_0,97,621,eq
param_id_0,97,551,eq
param_id_0,97,852,eq
param_id_0,97,691,eq
param_id_0,97,571,eq
param_id_0,97,601,eq
param_id_0,97,561,eq
param_id_0,97,541,eq
param_id_0,97,601,eq
param_id_0,97,561,eq
param_id_0,105,571,eq
param_id_0,105,571,eq
param_id_0,105,842,eq
param_id_0,105,1132,eq
param_id_0,105,592,eq
param_id_0,105,812,eq
param_id_0,105,932,eq
param_id_0,105,601,eq
param_id_0,105,561,eq
param_id_0,105,581,eq
param_id_0,113,611,eq
param_id_0,113,661,eq
param_id_0,113,822,eq
param_id_0,113,911,eq
param_id_0,113,551,eq
param_id_0,113,912,eq
param_id_0,113,561,eq
param_id_0,113,571,eq
param_id_0,113,561,eq
param_id_0,113,952,eq
param_id_0,121,812,eq
param_id_0,121,652,eq
param_id_0,121,871,eq
param_id_0,121,571,eq
param_id_0,121,641,eq
param_id_0,121,722,eq
param_id_0,121,671,eq
param_id_0,121,1082,eq
param_id_0,121,962,eq
param_id_0,121,1092,eq
param_id_0,129,681,eq
param_id_0,129,1012,eq
param_id_0,129,1082,eq
param_id_0,129,872,eq
param_id_0,129,722,eq
param_id_0,129,1183,eq
param_id_0,129,651,eq
param_id_0,129,782,eq
param_id_0,129,692,eq
param_id_0,129,682,eq
param_id_0,137,701,eq
param_id_0,137,692,eq
param_id_0,137,701,eq
param_id_0,137,772,eq
param_id_0,137,932,eq
param_id_0,137,862,eq
param_id_0,137,691,eq
param_id_0,137,741,eq
param_id_0,137,911,eq
param_id_0,137,681,eq
param_id_0,145,782,eq
param_id_0,145,711,eq
param_id_0,145,701,eq
param_id_0,145,842,eq
param_id_0,145,731,eq
param_id_0,145,651,eq
param_id_0,145,681,eq
param_id_0,145,732,eq
param_id_0,145,712,eq
param_id_0,145,592,eq
param_id_0,153,732,eq
param_id_0,153,671,eq
param_id_0,153,1072,eq
param_id_0,153,1142,eq
param_id_0,153,751,eq
param_id_0,153,802,eq
param_id_0,153,691,eq
param_id_0,153,841,eq
param_id_0,153,842,eq
param_id_0,153,752,eq
param_id_0,161,721,eq
param_id_0,161,761,eq
param_id_0,161,1212,eq
param_id_0,161,941,eq
param_id_0,161,701,eq
param_id_0,161,1022,eq
param_id_0,161,781,eq
param_id_0,161,741,eq
param_id_0,161,692,eq
param_id_0,161,721,eq
param_id_0,169,751,eq
param_id_0,169,751,eq
param_id_0,169,781,eq
param_id_0,169,802,eq
param_id_0,169,1142,eq
param_id_0,169,992,eq
param_id_0,169,1212,eq
param_id_0,169,811,eq
param_id_0,169,731,eq
param_id_0,169,842,eq
param_id_0,177,1242,eq
param_id_0,177,1092,eq
param_id_0,177,782,eq
param_id_0,177,771,eq
param_id_0,177,802,eq
param_id_0,177,771,eq
param_id_0,177,812,eq
param_id_0,177,792,eq
param_id_0,177,952,eq
param_id_0,177,1703,eq
param_id_0,185,772,eq
param_id_0,185,761,eq
param_id_0,185,861,eq
param_id_0,185,731,eq
param_id_0,185,772,eq
param_id_0,185,1032,eq
param_id_0,185,1052,eq
param_id_0,185,812,eq
param_id_0,185,1072,eq
param_id_0,185,1072,eq
param_id_0,193,1122,eq
param_id_0,193,802,eq
param_id_0,193,841,eq
param_id_0,193,902,eq
param_id_0,193,761,eq
param_id_0,193,982,eq
param_id_0,193,772,eq
param_id_0,193,731,eq
param_id_0,193,772,eq
param_id_0,193,872,eq
param_id_0,201,902,eq
param_id_0,201,1042,eq
param_id_0,201,802,eq
param_id_0,201,1262,eq
param_id_0,201,791,eq
param_id_0,201,812,eq
param_id_0,201,771,eq
param_id_0,201,751,eq
param_id_0,201,842,eq
param_id_0,201,852,eq
param_id_0,209,1032,eq
param_id_0,209,811,eq
param_id_0,209,822,eq
param_id_0,209,1092,eq
param_id_0,209,801,eq
param_id_0,209,861,eq
param_id_0,209,811,eq
param_id_0,209,842,eq
param_id_0,209,992,eq
param_id_0,209,1393,eq
param_id_0,217,1032,eq
param_id_0,217,962,eq
param_id_0,217,821,eq
param_id_0,217,941,eq
param_id_0,217,1122,eq
param_id_0,217,832,eq
param_id_0,217,1222,eq
param_id_0,217,992,eq
param_id_0,217,1623,eq
param_id_0,217,832,eq
param_id_0,225,861,eq
param_id_0,225,872,eq
param_id_0,225,882,eq
param_id_0,225,1182,eq
param_id_0,225,861,eq
param_id_0,225,832,eq
param_id_0,225,1262,eq
param_id_0,225,1072,eq
param_id_0,225,881,eq
param_id_0,225,861,eq
param_id_0,233,941,eq
param_id_0,233,1102,eq
param_id_0,233,932,eq
param_id_0,233,862,eq
param_id_0,233,912,eq
param_id_0,233,912,eq
param_id_0,233,1102,eq
param_id_0,233,842,eq
param_id_0,233,842,eq
param_id_0,233,882,eq
param_id_0,241,2134,eq
param_id_0,241,932,eq
param_id_0,241,1182,eq
param_id_0,241,832,eq
param_id_0,241,1282,eq
param_id_0,241,1182,eq
param_id_0,241,1042,eq
param_id_0,241,942,eq
param_id_0,241,1473,eq
param_id_0,241,1192,eq
param_id_0,249,1372,eq
param_id_0,249,892,eq
param_id_0,249,902,eq
param_id_0,249,921,eq
param_id_0,249,922,eq
param_id_0,249,1492,eq
param_id_0,249,1343,eq
param_id_0,249,1353,eq
param_id_0,249,1032,eq
param_id_0,249,1072,eq
param_id_0,257,1293,eq
param_id_0,257,901,eq
param_id_0,257,1452,eq
param_id_0,257,1232,eq
param_id_0,257,1343,eq
param_id_0,257,902,eq
param_id_0,257,1172,eq
param_id_0,257,921,eq
param_id_0,257,891,eq
param_id_0,257,962,eq
param_id_0,265,872,eq
param_id_0,265,1182,eq
param_id_0,265,962,eq
param_id_0,265,962,eq
param_id_0,265,982,eq
param_id_0,265,892,eq
param_id_0,265,901,eq
param_id_0,265,922,eq
param_id_0,265,1382,eq
param_id_0,265,2094,eq
param_id_0,273,1362,eq
param_id_0,273,1433,eq
param_id_0,273,1192,eq
param_id_0,273,1262,eq
param_id_0,273,1202,eq
param_id_0,273,962,eq
param_id_0,273,952,eq
param_id_0,273,922,eq
param_id_0,273,952,eq
param_id_0,273,902,eq
param_id_0,281,1432,eq
param_id_0,281,1142,eq
param_id_0,281,941,eq
param_id_0,281,1162,eq
param_id_0,281,1363,eq
param_id_0,281,1062,eq
param_id_0,281,1092,eq
param_id_0,281,952,eq
param_id_0,281,922,eq
param_id_0,281,982,eq
param_id_0,289,1122,eq
param_id_0,289,972,eq
param_id_0,289,1123,eq
param_id_0,289,1022,eq
param_id_0,289,1202,eq
param_id_0,289,1402,eq
param_id_0,289,1012,eq
param_id_0,289,982,eq
param_id_0,289,1182,eq
param_id_0,289,1253,eq
param_id_0,297,1212,eq
param_id_0,297,1162,eq
param_id_0,297,882,eq
param_id_0,297,982,eq
param_id_0,297,1002,eq
param_id_0,297,1162,eq
param_id_0,297,1042,eq
param_id_0,297,971,eq
param_id_0,297,1202,eq
param_id_0,297,992,eq
param_id_0,305,922,eq
param_id_0,305,972,eq
param_id_0,305,1113,eq
param_id_0,305,1062,eq
param_id_0,305,1162,eq
param_id_0,305,1312,eq
param_id_0,305,1062,eq
param_id_0,305,1172,eq
param_id_0,305,992,eq
param_id_0,305,1042,eq
param_id_0,313,1042,eq
param_id_0,313,1072,eq
param_id_0,313,1042,eq
param_id_0,313,1122,eq
param_id_0,313,1473,eq
param_id_0,313,852,eq
param_id_0,313,882,eq
param_id_0,313,1062,eq
param_id_0,313,1433,eq
param_id_0,313,1303,eq
param_id_0,321,1082,eq
param_id_0,321,1363,eq
param_id_0,321,1042,eq
param_id_0,321,1212,eq
param_id_0,321,1082,eq
param_id_0,321,1202,eq
param_id_0,321,982,eq
param_id_0,321,1012,eq
param_id_0,321,1653,eq
param_id_0,321,1163,eq
param_id_0,329,1062,eq
param_id_0,329,1222,eq
param_id_0,329,1082,eq
param_id_0,329,1593,eq
param_id_0,329,1523,eq
param_id_0,329,1082,eq
param_id_0,329,1092,eq
param_id_0,329,1062,eq
param_id_0,329,1062,eq
param_id_0,329,1052,eq
param_id_0,337,1062,eq
param_id_0,337,1042,eq
param_id_0,337,1062,eq
param_id_0,337,1353,eq
param_id_0,337,1623,eq
param_id_0,337,1593,eq
param_id_0,337,1353,eq
param_id_0,337,1062,eq
param_id_0,337,1052,eq
param_id_0,337,1363,eq
param_id_0,345,1103,eq
param_id_0,345,1062,eq
param_id_0,345,1052,eq
param_id_0,345,1052,eq
param_id_0,345,2034,eq
param_id_0,345,1112,eq
param_id_0,345,1213,eq
param_id_0,345,1062,eq
param_id_0,345,1182,eq
param_id_0,345,2004,eq
param_id_0,353,1683,eq
param_id_0,353,1062,eq
param_id_0,353,2635,eq
param_id_0,353,1853,eq
param_id_0,353,1432,eq
param_id_0,353,1112,eq
param_id_0,353,1163,eq
param_id_0,353,1242,eq
param_id_0,353,1082,eq
param_id_0,353,1092,eq
param_id_0,361,1222,eq
param_id_0,361,1693,eq
param_id_0,361,1113,eq
param_id_0,361,1212,eq
param_id_0,361,1483,eq
param_id_0,361,1173,eq
param_id_0,361,1583,eq
param_id_0,361,1132,eq
param_id_0,361,1513,eq
param_id_0,361,1092,eq
param_id_0,369,1263,eq
param_id_0,369,1854,eq
param_id_0,369,1092,eq
param_id_0,369,1112,eq
param_id_0,369,1123,eq
param_id_0,369,1193,eq
param_id_0,369,1072,eq
param_id_0,369,1172,eq
param_id_0,369,1413,eq
param_id_0,369,1102,eq
param_id_0,377,1202,eq
param_id_0,377,1313,eq
param_id_0,377,1162,eq
param_id_0,377,1092,eq
param_id_0,377,1563,eq
param_id_0,377,1102,eq
param_id_0,377,1142,eq
param_id_0,377,1312,eq
param_id_0,377,1323,eq
param_id_0,377,1883,eq
param_id_0,385,2204,eq
param_id_0,385,1202,eq
param_id_0,385,1293,eq
param_id_0,385,1363,eq
param_id_0,385,1172,eq
param_id_0,385,1173,eq
param_id_0,385,1432,eq
param_id_0,385,1172,eq
param_id_0,385,1664,eq
param_id_0,385,1122,eq
param_id_0,393,1393,eq
param_id_0,393,1443,eq
param_id_0,393,1273,eq
param_id_0,393,1172,eq
param_id_0,393,1573,eq
param_id_0,393,1673,eq
param_id_0,393,1322,eq
param_id_0,393,1533,eq
param_id_0,393,1172,eq
param_id_0,393,1182,eq
param_id_0,401,1153,eq
param_id_0,401,1333,eq
param_id_0,401,1162,eq
param_id_0,401,1203,eq
param_id_0,401,1112,eq
param_id_0,401,1302,eq
param_id_0,401,1182,eq
param_id_0,401,1413,eq
param_id_0,401,1774,eq
param_id_0,401,1352,eq
param_id_0,409,1773,eq
param_id_0,409,1763,eq
param_id_0,409,1272,eq
param_id_0,409,1723,eq
param_id_0,409,1463,eq
param_id_0,409,1503,eq
param_id_0,409,1272,eq
param_id_0,409,1462,eq
param_id_0,409,1303,eq
param_id_0,409,2375,eq
param_id_0,417,1753,eq
param_id_0,417,1343,eq
param_id_0,417,1312,eq
param_id_0,417,1533,eq
param_id_0,417,1303,eq
param_id_0,417,1894,eq
param_id_0,417,1373,eq
param_id_0,417,1423,eq
param_id_0,417,1212,eq
param_id_0,417,1493,eq
param_id_0,425,3076,eq
param_id_0,425,1192,eq
param_id_0,425,1753,eq
param_id_0,425,1182,eq
param_id_0,425,1463,eq
param_id_0,425,1232,eq
param_id_0,425,1132,eq
param_id_0,425,1874,eq
param_id_0,425,1172,eq
param_id_0,425,1262,eq
param_id_0,433,1392,eq
param_id_0,433,1263,eq
param_id_0,433,1293,eq
param_id_0,433,1162,eq
param_id_0,433,1844,eq
param_id_0,433,1482,eq
param_id_0,433,1482,eq
param_id_0,433,1233,eq
param_id_0,433,1252,eq
param_id_0,433,1212,eq
param_id_0,441,1353,eq
param_id_0,441,1724,eq
param_id_0,441,1443,eq
param_id_0,441,1253,eq
param_id_0,441,1463,eq
param_id_0,441,1272,eq
param_id_0,441,1352,eq
param_id_0,441,1723,eq
param_id_0,441,1192,eq
param_id_0,441,1193,eq
param_id_0,449,1583,eq
param_id_0,449,1252,eq
param_id_0,449,1233,eq
param_id_0,449,1362,eq
param_id_0,449,1242,eq
param_id_0,449,1784,eq
param_id_0,449,1864,eq
param_id_0,449,1293,eq
param_id_0,449,1322,eq
param_id_0,449,1743,eq
param_id_0,457,1453,eq
param_id_0,457,1332,eq
param_id_0,457,1473,eq
param_id_0,457,1463,eq
param_id_0,457,1252,eq
param_id_0,457,2144,eq
param_id_0,457,1503,eq
param_id_0,457,1242,eq
param_id_0,457,1242,eq
param_id_0,457,1282,eq
param_id_0,465,1332,eq
param_id_0,465,1433,eq
param_id_0,465,1443,eq
param_id_0,465,1633,eq
param_id_0,465,1323,eq
param_id_0,465,1462,eq
param_id_0,465,1373,eq
param_id_0,465,1463,eq
param_id_0,465,1302,eq
param_id_0,465,1313,eq
param_id_0,473,1283,eq
param_id_0,473,1473,eq
param_id_0,473,1302,eq
param_id_0,473,1383,eq
param_id_0,473,1313,eq
param_id_0,473,1383,eq
param_id_0,473,1263,eq
param_id_0,473,1322,eq
param_id_0,473,1142,eq
param_id_0,473,1283,eq
param_id_0,481,1292,eq
param_id_0,481,1553,eq
param_id_0,481,2375,eq
param_id_0,481,1613,eq
param_id_0,481,1453,eq
param_id_0,481,1332,eq
param_id_0,481,1463,eq
param_id_0,481,1393,eq
param_id_0,481,1322,eq
param_id_0,481,1302,eq
param_id_0,489,1483,eq
param_id_0,489,1563,eq
param_id_0,489,1372,eq
param_id_0,489,1292,eq
param_id_0,489,1282,eq
param_id_0,489,1473,eq
param_id_0,489,1292,eq
param_id_0,489,1253,eq
param_id_0,489,1312,eq
param_id_0,489,1783,eq
param_id_0,497,1853,eq
param_id_0,497,1343,eq
param_id_0,497,1323,eq
param_id_0,497,1512,eq
param_id_0,497,1392,eq
param_id_0,497,1332,eq
param_id_0,497,1923,eq
param_id_0,497,1884,eq
param_id_0,497,1342,eq
param_id_0,497,1412,eq
param_id_0,505,2254,eq
param_id_0,505,1593,eq
param_id_0,505,1413,eq
param_id_0,505,1353,eq
param_id_0,505,1533,eq
param_id_0,505,1774,eq
param_id_0,505,1393,eq
param_id_0,505,1373,eq
param_id_0,505,1382,eq
param_id_0,505,1413,eq
param_id_0,513,1403,eq
param_id_0,513,1563,eq
param_id_0,513,1433,eq
param_id_0,513,1373,eq
param_id_0,513,1843,eq
param_id_0,513,1373,eq
param_id_0,513,1263,eq
param_id_0,513,1442,eq
param_id_0,513,1343,eq
param_id_0,513,1523,eq
param_id_0,521,1472,eq
param_id_0,521,1653,eq
param_id_0,521,1714,eq
param_id_0,521,1623,eq
param_id_0,521,1323,eq
param_id_0,521,1362,eq
param_id_0,521,1683,eq
param_id_0,521,1563,eq
param_id_0,521,1403,eq
param_id_0,521,1343,eq
param_id_0,529,1513,eq
param_id_0,529,1293,eq
param_id_0,529,1413,eq
param_id_0,529,1453,eq
param_id_0,529,1403,eq
param_id_0,529,1492,eq
param_id_0,529,1443,eq
param_id_0,529,2275,eq
param_id_0,529,1874,eq
param_id_0,529,2044,eq
param_id_0,537,1502,eq
param_id_0,537,1533,eq
param_id_0,537,1743,eq
param_id_0,537,1403,eq
param_id_0,537,1573,eq
param_id_0,537,1673,eq
param_id_0,537,1532,eq
param_id_0,537,1522,eq
param_id_0,537,1333,eq
param_id_0,537,1853,eq
param_id_0,545,1603,eq
param_id_0,545,1463,eq
param_id_0,545,1422,eq
param_id_0,545,1763,eq
param_id_0,545,1734,eq
param_id_0,545,2024,eq
param_id_0,545,1663,eq
param_id_0,545,1733,eq
param_id_0,545,1563,eq
param_id_0,545,1443,eq
param_id_0,553,1482,eq
param_id_0,553,1493,eq
param_id_0,553,1442,eq
param_id_0,553,1743,eq
param_id_0,553,1433,eq
param_id_0,553,1433,eq
param_id_0,553,1463,eq
param_id_0,553,1603,eq
param_id_0,553,1894,eq
param_id_0,553,1573,eq
param_id_0,561,1533,eq
param_id_0,561,1744,eq
param_id_0,561,1603,eq
param_id_0,561,1583,eq
param_id_0,561,1472,eq
param_id_0,561,1553,eq
param_id_0,561,1623,eq
param_id_0,561,1613,eq
param_id_0,561,1854,eq
param_id_0,561,1623,eq
param_id_0,569,1864,eq
param_id_0,569,1523,eq
param_id_0,569,1673,eq
param_id_0,569,1583,eq
param_id_0,569,1523,eq
param_id_0,569,1493,eq
param_id_0,569,1603,eq
param_id_0,569,1613,eq
param_id_0,569,1503,eq
param_id_0,569,1493,eq
param_id_0,577,2595,eq
param_id_0,577,1522,eq
param_id_0,577,1853,eq
param_id_0,577,1472,eq
param_id_0,577,1543,eq
param_id_0,577,1743,eq
param_id_0,577,1693,eq
param_id_0,577,1543,eq
param_id_0,577,1613,eq
param_id_0,577,1453,eq
param_id_0,585,1794,eq
param_id_0,585,1653,eq
param_id_0,585,1773,eq
param_id_0,585,2054,eq
param_id_0,585,1443,eq
param_id_0,585,1573,eq
param_id_0,585,1543,eq
param_id_0,585,1683,eq
param_id_0,585,1744,eq
param_id_0,585,1774,eq
param_id_0,593,2194,eq
param_id_0,593,2014,eq
param_id_0,593,1723,eq
param_id_0,593,1543,eq
param_id_0,593,1523,eq
param_id_0,593,1543,eq
param_id_0,593,1773,eq
param_id_0,593,1493,eq
param_id_0,593,1553,eq
param_id_0,593,1483,eq
param_id_0,601,1824,eq
param_id_0,601,2124,eq
param_id_0,601,1493,eq
param_id_0,601,1713,eq
param_id_0,601,1623,eq
param_id_0,601,1553,eq
param_id_0,601,1763,eq
param_id_0,601,1753,eq
param_id_0,601,1553,eq
param_id_0,601,1523,eq
param_id_0,609,1613,eq
param_id_0,609,2004,eq
param_id_0,609,1583,eq
param_id_0,609,2004,eq
param_id_0,609,1744,eq
param_id_0,609,1824,eq
param_id_0,609,1573,eq
param_id_0,609,1553,eq
param_id_0,609,1964,eq
param_id_0,609,2384,eq
param_id_0,617,1783,eq
param_id_0,617,1784,eq
param_id_0,617,1813,eq
param_id_0,617,1773,eq
param_id_0,617,1834,eq
param_id_0,617,1553,eq
param_id_0,617,1513,eq
param_id_0,617,1533,eq
param_id_0,617,1633,eq
param_id_0,617,1694,eq
param_id_0,625,1593,eq
param_id_0,625,1583,eq
param_id_0,625,1984,eq
param_id_0,625,1563,eq
param_id_0,625,1873,eq
param_id_0,625,1924,eq
param_id_0,625,1664,eq
param_id_0,625,1553,eq
param_id_0,625,1753,eq
param_id_0,625,1904,eq
param_id_0,633,1643,eq
param_id_0,633,1633,eq
param_id_0,633,1633,eq
param_id_0,633,1583,eq
param_id_0,633,1523,eq
param_id_0,633,1883,eq
param_id_0,633,1603,eq
param_id_0,633,1684,eq
param_id_0,633,1773,eq
param_id_0,633,2024,eq
param_id_0,641,1933,eq
param_id_0,641,1643,eq
param_id_0,641,2275,eq
param_id_0,641,1603,eq
param_id_0,641,1503,eq
param_id_0,641,1613,eq
param_id_0,641,1583,eq
param_id_0,641,2164,eq
param_id_0,641,1703,eq
param_id_0,641,1793,eq
param_id_0,649,1674,eq
param_id_0,649,1963,eq
param_id_0,649,1944,eq
param_id_0,649,1683,eq
param_id_0,649,1633,eq
param_id_0,649,1593,eq
param_id_0,649,1914,eq
param_id_0,649,1644,eq
param_id_0,649,1583,eq
param_id_0,649,1603,eq
param_id_0,657,1663,eq
param_id_0,657,1854,eq
param_id_0,657,1653,eq
param_id_0,657,1683,eq
param_id_0,657,1683,eq
param_id_0,657,2204,eq
param_id_0,657,1683,eq
param_id_0,657,1833,eq
param_id_0,657,1563,eq
param_id_0,657,1583,eq
param_id_0,665,1944,eq
param_id_0,665,1784,eq
param_id_0,665,1733,eq
param_id_0,665,1623,eq
param_id_0,665,1683,eq
param_id_0,665,1643,eq
param_id_0,665,1923,eq
param_id_0,665,1633,eq
param_id_0,665,1714,eq
param_id_0,665,1663,eq
param_id_0,673,1683,eq
param_id_0,673,2023,eq
param_id_0,673,1713,eq
param_id_0,673,1954,eq
param_id_0,673,1663,eq
param_id_0,673,1664,eq
param_id_0,673,1663,eq
param_id_0,673,1664,eq
param_id_0,673,1803,eq
param_id_0,673,1933,eq
param_id_0,681,2385,eq
param_id_0,681,1663,eq
param_id_0,681,1673,eq
param_id_0,681,1683,eq
param_id_0,681,1643,eq
param_id_0,681,1653,eq
param_id_0,681,2195,eq
param_id_0,681,1653,eq
param_id_0,681,1853,eq
param_id_0,681,1743,eq
param_id_0,689,1744,eq
param_id_0,689,1673,eq
param_id_0,689,1873,eq
param_id_0,689,1704,eq
param_id_0,689,1703,eq
param_id_0,689,1814,eq
param_id_0,689,1693,eq
param_id_0,689,1683,eq
param_id_0,689,1663,eq
param_id_0,689,1934,eq
param_id_0,697,2154,eq
param_id_0,697,2204,eq
param_id_0,697,1793,eq
param_id_0,697,1704,eq
param_id_0,697,1703,eq
param_id_0,697,1723,eq
param_id_0,697,1844,eq
param_id_0,697,2244,eq
param_id_0,697,1854,eq
param_id_0,697,1613,eq
param_id_0,705,1793,eq
param_id_0,705,1793,eq
param_id_0,705,1733,eq
param_id_0,705,1704,eq
param_id_0,705,1673,eq
param_id_0,705,1703,eq
param_id_0,705,2144,eq
param_id_0,705,1733,eq
param_id_0,705,1884,eq
param_id_0,705,1724,eq
param_id_0,713,1984,eq
param_id_0,713,1754,eq
param_id_0,713,2073,eq
param_id_0,713,1793,eq
param_id_0,713,1763,eq
param_id_0,713,1743,eq
param_id_0,713,1753,eq
param_id_0,713,1643,eq
param_id_0,713,1663,eq
param_id_0,713,1654,eq
param_id_0,721,2064,eq
param_id_0,721,1663,eq
param_id_0,721,2134,eq
param_id_0,721,1643,eq
param_id_0,721,2004,eq
param_id_0,721,2234,eq
param_id_0,721,2495,eq
param_id_0,721,1753,eq
param_id_0,721,1763,eq
param_id_0,721,2094,eq
param_id_0,729,2044,eq
param_id_0,729,2004,eq
param_id_0,729,1804,eq
param_id_0,729,2174,eq
param_id_0,729,1844,eq
param_id_0,729,1763,eq
param_id_0,729,1984,eq
param_id_0,729,1914,eq
param_id_0,729,1804,eq
param_id_0,729,1913,eq
param_id_0,737,1834,eq
param_id_0,737,1954,eq
param_id_0,737,1734,eq
param_id_0,737,1923,eq
param_id_0,737,2004,eq
param_id_0,737,1933,eq
param_id_0,737,2044,eq
param_id_0,737,1804,eq
param_id_0,737,2044,eq
param_id_0,737,1803,eq
param_id_0,745,1783,eq
param_id_0,745,1713,eq
param_id_0,745,1764,eq
param_id_0,745,1964,eq
param_id_0,745,2024,eq
param_id_0,745,1913,eq
param_id_0,745,2164,eq
param_id_0,745,2164,eq
param_id_0,745,2394,eq
param_id_0,745,2064,eq
param_id_0,753,1864,eq
param_id_0,753,1813,eq
param_id_0,753,1994,eq
param_id_0,753,1973,eq
param_id_0,753,2344,eq
param_id_0,753,2294,eq
param_id_0,753,1854,eq
param_id_0,753,1743,eq
param_id_0,753,2114,eq
param_id_0,753,2004,eq
param_id_0,761,2084,eq
param_id_0,761,2305,eq
param_id_0,761,2154,eq
param_id_0,761,1793,eq
param_id_0,761,1824,eq
param_id_0,761,1893,eq
param_id_0,761,1884,eq
param_id_0,761,1953,eq
param_id_0,761,2134,eq
param_id_0,761,2114,eq
param_id_0,769,2144,eq
param_id_0,769,1913,eq
param_id_0,769,2024,eq
param_id_0,769,1893,eq
param_id_0,769,1874,eq
param_id_0,769,1844,eq
param_id_0,769,1853,eq
param_id_0,769,2244,eq
param_id_0,769,1813,eq
param_id_0,769,2224,eq
param_id_0,777,2054,eq
param_id_0,777,2144,eq
param_id_0,777,1843,eq
param_id_0,777,1793,eq
param_id_0,777,2034,eq
param_id_0,777,2745,eq
param_id_0,777,2364,eq
param_id_0,777,1883,eq
param_id_0,777,2305,eq
param_id_0,777,1824,eq
param_id_0,785,1823,eq
param_id_0,785,1854,eq
param_id_0,785,2064,eq
param_id_0,785,1894,eq
param_id_0,785,1893,eq
param_id_0,785,1864,eq
param_id_0,785,2044,eq
param_id_0,785,2023,eq
param_id_0,785,1864,eq
param_id_0,785,1944,eq
param_id_0,793,2034,eq
param_id_0,793,1914,eq
param_id_0,793,1974,eq
param_id_0,793,1873,eq
param_id_0,793,1913,eq
param_id_0,793,1914,eq
param_id_0,793,1943,eq
param_id_0,793,2284,eq
param_id_0,793,1894,eq
param_id_0,793,2745,eq
param_id_0,801,2475,eq
param_id_0,801,2355,eq
param_id_0,801,2224,eq
param_id_0,801,1983,eq
param_id_0,801,2114,eq
param_id_0,801,2024,eq
param_id_0,801,1873,eq
param_id_0,801,1924,eq
param_id_0,801,2244,eq
param_id_0,801,2024,eq
param_id_0,809,2284,eq
param_id_0,809,1973,eq
param_id_0,809,2234,eq
param_id_0,809,2205,eq
param_id_0,809,2796,eq
param_id_0,809,1914,eq
param_id_0,809,1893,eq
param_id_0,809,1874,eq
param_id_0,809,2004,eq
param_id_0,809,1904,eq
param_id_0,817,1994,eq
param_id_0,817,2064,eq
param_id_0,817,1944,eq
param_id_0,817,2094,eq
param_id_0,817,2014,eq
param_id_0,817,1984,eq
param_id_0,817,1893,eq
param_id_0,817,2074,eq
param_id_0,817,1833,eq
param_id_0,817,2555,eq
param_id_0,825,1913,eq
param_id_0,825,2515,eq
param_id_0,825,2014,eq
param_id_0,825,2605,eq
param_id_0,825,2234,eq
param_id_0,825,1963,eq
param_id_0,825,2054,eq
param_id_0,825,2174,eq
param_id_0,825,2044,eq
param_id_0,825,2394,eq
param_id_0,833,2064,eq
param_id_0,833,2054,eq
param_id_0,833,2404,eq
param_id_0,833,2305,eq
param_id_0,833,1934,eq
param_id_0,833,2335,eq
param_id_0,833,2304,eq
param_id_0,833,2024,eq
param_id_0,833,2024,eq
param_id_0,833,2605,eq
param_id_0,841,2224,eq
param_id_0,841,2184,eq
param_id_0,841,2324,eq
param_id_0,841,2074,eq
param_id_0,841,2104,eq
param_id_0,841,1964,eq
param_id_0,841,2114,eq
param_id_0,841,2084,eq
param_id_0,841,1934,eq
param_id_0,841,2074,eq
param_id_0,849,2104,eq
param_id_0,849,2936,eq
param_id_0,849,2013,eq
param_id_0,849,2275,eq
param_id_0,849,2976,eq
param_id_0,849,2053,eq
param_id_0,849,2305,eq
param_id_0,849,2725,eq
param_id_0,849,2054,eq
param_id_0,849,2084,eq
param_id_0,857,2134,eq
param_id_0,857,2053,eq
param_id_0,857,2325,eq
param_id_0,857,2084,eq
param_id_0,857,2224,eq
param_id_0,857,2375,eq
param_id_0,857,2124,eq
param_id_0,857,2094,eq
param_id_0,857,2304,eq
param_id_0,857,2355,eq
param_id_0,865,2484,eq
param_id_0,865,2705,eq
param_id_0,865,2294,eq
param_id_0,865,2194,eq
param_id_0,865,1974,eq
param_id_0,865,2043,eq
param_id_0,865,2164,eq
param_id_0,865,2014,eq
param_id_0,865,2345,eq
param_id_0,865,2305,eq
param_id_0,873,2485,eq
param_id_0,873,2164,eq
param_id_0,873,2304,eq
param_id_0,873,2044,eq
param_id_0,873,2134,eq
param_id_0,873,2134,eq
param_id_0,873,2304,eq
param_id_0,873,2786,eq
param_id_0,873,2314,eq
param_id_0,873,2074,eq
param_id_0,881,2375,eq
param_id_0,881,2395,eq
param_id_0,881,2114,eq
param_id_0,881,2294,eq
param_id_0,881,2134,eq
param_id_0,881,2374,eq
param_id_0,881,2796,eq
param_id_0,881,2575,eq
param_id_0,881,2335,eq
param_id_0,881,2074,eq
param_id_0,889,2454,eq
param_id_0,889,2304,eq
param_id_0,889,2235,eq
param_id_0,889,2435,eq
param_id_0,889,2064,eq
param_id_0,889,2174,eq
param_id_0,889,2595,eq
param_id_0,889,2224,eq
param_id_0,889,2054,eq
param_id_0,889,2514,eq
param_id_0,897,2945,eq
param_id_0,897,1953,eq
param_id_0,897,2585,eq
param_id_0,897,2514,eq
param_id_0,897,2785,eq
param_id_0,897,2485,eq
param_id_0,897,2124,eq
param_id_0,897,2084,eq
param_id_0,897,2184,eq
param_id_0,897,2104,eq
param_id_0,905,2043,eq
param_id_0,905,2715,eq
param_id_0,905,2374,eq
param_id_0,905,2344,eq
param_id_0,905,2825,eq
param_id_0,905,2524,eq
param_id_0,905,2444,eq
param_id_0,905,2324,eq
param_id_0,905,2375,eq
param_id_0,905,2284,eq
param_id_0,913,2154,eq
param_id_0,913,2315,eq
param_id_0,913,2385,eq
param_id_0,913,2094,eq
param_id_0,913,2234,eq
param_id_0,913,2114,eq
param_id_0,913,2174,eq
param_id_0,913,2785,eq
param_id_0,913,2094,eq
param_id_0,913,2234,eq
param_id_0,921,2515,eq
param_id_0,921,2134,eq
param_id_0,921,2134,eq
param_id_0,921,2385,eq
param_id_0,921,2154,eq
param_id_0,921,2565,eq
param_id_0,921,2023,eq
param_id_0,921,2234,eq
param_id_0,921,2074,eq
param_id_0,921,2444,eq
param_id_0,929,2344,eq
param_id_0,929,2144,eq
param_id_0,929,2455,eq
param_id_0,929,2174,eq
param_id_0,929,2114,eq
param_id_0,929,2344,eq
param_id_0,929,2374,eq
param_id_0,929,2195,eq
param_id_0,929,2635,eq
param_id_0,929,2415,eq
param_id_0,937,2244,eq
param_id_0,937,2324,eq
param_id_0,937,2164,eq
param_id_0,937,2184,eq
param_id_0,937,2334,eq
param_id_0,937,2184,eq
param_id_0,937,2845,eq
param_id_0,937,2365,eq
param_id_0,937,2335,eq
param_id_0,937,2154,eq
param_id_0,945,2144,eq
param_id_0,945,2334,eq
param_id_0,945,2384,eq
param_id_0,945,2655,eq
param_id_0,945,2124,eq
param_id_0,945,2294,eq
param_id_0,945,2225,eq
param_id_0,945,2415,eq
param_id_0,945,2234,eq
param_id_0,945,2314,eq
param_id_0,953,2745,eq
param_id_0,953,2605,eq
param_id_0,953,2775,eq
param_id_0,953,2225,eq
param_id_0,953,2324,eq
param_id_0,953,2305,eq
param_id_0,953,2464,eq
param_id_0,953,2504,eq
param_id_0,953,2555,eq
param_id_0,953,2235,eq
param_id_0,961,2174,eq
param_id_0,961,2264,eq
param_id_0,961,2525,eq
param_id_0,961,2244,eq
param_id_0,961,2494,eq
param_id_0,961,2515,eq
param_id_0,961,2304,eq
param_id_0,961,2194,eq
param_id_0,961,2204,eq
param_id_0,961,2234,eq
param_id_0,969,2214,eq
param_id_0,969,2444,eq
param_id_0,969,2354,eq
param_id_0,969,2195,eq
param_id_0,969,2174,eq
param_id_0,969,2365,eq
param_id_0,969,2375,eq
param_id_0,969,2414,eq
param_id_0,969,2174,eq
param_id_0,969,2395,eq
param_id_0,977,2264,eq
param_id_0,977,2184,eq
param_id_0,977,2515,eq
param_id_0,977,2966,eq
param_id_0,977,2265,eq
param_id_0,977,2295,eq
param_id_0,977,2254,eq
param_id_0,977,2655,eq
param_id_0,977,2154,eq
param_id_0,977,2575,eq
param_id_0,985,2294,eq
param_id_0,985,2244,eq
param_id_0,985,2745,eq
param_id_0,985,2595,eq
param_id_0,985,2264,eq
param_id_0,985,2735,eq
param_id_0,985,2235,eq
param_id_0,985,2585,eq
param_id_0,985,2455,eq
param_id_0,985,2435,eq
param_id_0,993,2274,eq
param_id_0,993,2224,eq
param_id_0,993,2335,eq
param_id_0,993,2615,eq
param_id_0,993,2465,eq
param_id_0,993,2234,eq
param_id_0,993,2655,eq
param_id_0,993,2254,eq
param_id_0,993,2294,eq
param_id_0,993,2575,eq
param_id_0,1001,2304,eq
param_id_0,1001,2745,eq
param_id_0,1001,2525,eq
param_id_0,1001,2325,eq
param_id_0,1001,2335,eq
param_id_0,1001,2485,eq
param_id_0,1001,2395,eq
param_id_0,1001,2224,eq
param_id_0,1001,2575,eq
param_id_0,1001,2605,eq
param_id_0,1009,2274,eq
param_id_0,1009,2354,eq
param_id_0,1009,2324,eq
param_id_0,1009,2454,eq
param_id_0,1009,2836,eq
param_id_0,1009,2746,eq
param_id_0,1009,2454,eq
param_id_0,1009,2605,eq
param_id_0,1009,2314,eq
param_id_0,1009,2525,eq
param_id_0,1017,2314,eq
param_id_0,1017,2305,eq
param_id_0,1017,2745,eq
param_id_0,1017,2444,eq
param_id_0,1017,3136,eq
param_id_0,1017,2334,eq
param_id_0,1017,2875,eq
param_id_0,1017,2295,eq
param_id_0,1017,2315,eq
param_id_0,1017,2816,eq
param_id_0,1025,2304,eq
param_id_0,1025,2504,eq
param_id_0,1025,2355,eq
param_id_0,1025,2305,eq
param_id_0,1025,2345,eq
param_id_0,1025,2535,eq
param_id_0,1025,2525,eq
param_id_0,1025,2295,eq
param_id_0,1025,2796,eq
param_id_0,1025,2304,eq
param_id_0,1033,2875,eq
param_id_0,1033,2535,eq
param_id_0,1033,2635,eq
param_id_0,1033,2415,eq
param_id_0,1033,2465,eq
param_id_0,1033,2344,eq
param_id_0,1033,2375,eq
param_id_0,1033,2325,eq
param_id_0,1033,2325,eq
param_id_0,1033,2605,eq
param_id_0,1041,2625,eq
param_id_0,1041,2335,eq
param_id_0,1041,2495,eq
param_id_0,1041,2735,eq
param_id_0,1041,2816,eq
param_id_0,1041,2345,eq
param_id_0,1041,2394,eq
param_id_0,1041,2425,eq
param_id_0,1041,2525,eq
param_id_0,1041,2404,eq
param_id_0,1049,2535,eq
param_id_0,1049,2395,eq
param_id_0,1049,2284,eq
param_id_0,1049,2334,eq
param_id_0,1049,2545,eq
param_id_0,1049,2585,eq
param_id_0,1049,3126,eq
param_id_0,1049,2395,eq
param_id_0,1049,2555,eq
param_id_0,1049,2665,eq
param_id_0,1057,3306,eq
param_id_0,1057,2645,eq
param_id_0,1057,2355,eq
param_id_0,1057,2575,eq
param_id_0,1057,2394,eq
param_id_0,1057,2635,eq
param_id_0,1057,2355,eq
param_id_0,1057,2465,eq
param_id_0,1057,3296,eq
param_id_0,1057,2885,eq
param_id_0,1065,2665,eq
param_id_0,1065,2535,eq
param_id_0,1065,2414,eq
param_id_0,1065,2715,eq
param_id_0,1065,3066,eq
param_id_0,1065,2434,eq
param_id_0,1065,2445,eq
param_id_0,1065,2375,eq
param_id_0,1065,2585,eq
param_id_0,1065,2445,eq
param_id_0,1073,2465,eq
param_id_0,1073,2665,eq
param_id_0,1073,2716,eq
param_id_0,1073,2975,eq
param_id_0,1073,2655,eq
param_id_0,1073,2766,eq
param_id_0,1073,2505,eq
param_id_0,1073,2866,eq
param_id_0,1073,2515,eq
param_id_0,1073,2955,eq
param_id_0,1081,2896,eq
param_id_0,1081,2455,eq
param_id_0,1081,2445,eq
param_id_0,1081,2745,eq
param_id_0,1081,2975,eq
param_id_0,1081,2645,eq
param_id_0,1081,2384,eq
param_id_0,1081,3778,eq
param_id_0,1081,2865,eq
param_id_0,1081,2475,eq
param_id_0,1089,2685,eq
param_id_0,1089,2745,eq
param_id_0,1089,2355,eq
param_id_0,1089,2726,eq
param_id_0,1089,2806,eq
param_id_0,1089,3306,eq
param_id_0,1089,2555,eq
param_id_0,1089,2736,eq
param_id_0,1089,2725,eq
param_id_0,1089,2514,eq
param_id_0,1097,2885,eq
param_id_0,1097,2986,eq
param_id_0,1097,2645,eq
param_id_0,1097,2875,eq
param_id_0,1097,2735,eq
param_id_0,1097,2635,eq
param_id_0,1097,2464,eq
param_id_0,1097,2895,eq
param_id_0,1097,2495,eq
param_id_0,1097,2455,eq
param_id_0,1105,2545,eq
param_id_0,1105,2645,eq
param_id_0,1105,2485,eq
param_id_0,1105,2926,eq
param_id_0,1105,2505,eq
param_id_0,1105,2465,eq
param_id_0,1105,2494,eq
param_id_0,1105,2465,eq
param_id_0,1105,2745,eq
param_id_0,1105,2455,eq
param_id_0,1113,2706,eq
param_id_0,1113,2835,eq
param_id_0,1113,2595,eq
param_id_0,1113,2816,eq
param_id_0,1113,2494,eq
param_id_0,1113,2495,eq
param_id_0,1113,2535,eq
param_id_0,1113,2515,eq
param_id_0,1113,2504,eq
param_id_0,1113,2695,eq
param_id_0,1121,2685,eq
param_id_0,1121,2524,eq
param_id_0,1121,2575,eq
param_id_0,1121,2495,eq
param_id_0,1121,2605,eq
param_id_0,1121,3166,eq
param_id_0,1121,2676,eq
param_id_0,1121,2835,eq
param_id_0,1121,2555,eq
param_id_0,1121,2485,eq
param_id_0,1129,2986,eq
param_id_0,1129,2736,eq
param_id_0,1129,2585,eq
param_id_0,1129,2525,eq
param_id_0,1129,2555,eq
param_id_0,1129,2524,eq
param_id_0,1129,2615,eq
param_id_0,1129,2545,eq
param_id_0,1129,2645,eq
param_id_0,1129,2675,eq
param_id_0,1137,2765,eq
param_id_0,1137,3046,eq
param_id_0,1137,2625,eq
param_id_0,1137,2936,eq
param_id_0,1137,2545,eq
param_id_0,1137,2885,eq
param_id_0,1137,2555,eq
param_id_0,1137,2555,eq
param_id_0,1137,2715,eq
param_id_0,1137,2545,eq
param_id_0,1145,2595,eq
param_id_0,1145,2745,eq
param_id_0,1145,2495,eq
param_id_0,1145,2545,eq
param_id_0,1145,2675,eq
param_id_0,1145,2595,eq
param_id_0,1145,2525,eq
param_id_0,1145,4448,eq
param_id_0,1145,2945,eq
param_id_0,1145,3136,eq
param_id_0,1153,3026,eq
param_id_0,1153,3166,eq
param_id_0,1153,2986,eq
param_id_0,1153,2675,eq
param_id_0,1153,2735,eq
param_id_0,1153,2715,eq
param_id_0,1153,2495,eq
param_id_0,1153,3086,eq
param_id_0,1153,2575,eq
param_id_0,1153,2865,eq
param_id_0,1161,2655,eq
param_id_0,1161,2656,eq
param_id_0,1161,2595,eq
param_id_0,1161,2715,eq
param_id_0,1161,2585,eq
param_id_0,1161,2775,eq
param_id_0,1161,2745,eq
param_id_0,1161,2574,eq
param_id_0,1161,2615,eq
param_id_0,1161,3036,eq
param_id_0,1169,2965,eq
param_id_0,1169,2655,eq
param_id_0,1169,2815,eq
param_id_0,1169,2615,eq
param_id_0,1169,2765,eq
param_id_0,1169,2625,eq
param_id_0,1169,2635,eq
param_id_0,1169,3236,eq
param_id_0,1169,2665,eq
param_id_0,1169,2635,eq
param_id_0,1177,2695,eq
param_id_0,1177,2676,eq
param_id_0,1177,2876,eq
param_id_0,1177,3216,eq
param_id_0,1177,2685,eq
param_id_0,1177,2555,eq
param_id_0,1177,2665,eq
param_id_0,1177,2645,eq
param_id_0,1177,2665,eq
param_id_0,1177,2635,eq
param_id_0,1185,2685,eq
param_id_0,1185,3206,eq
param_id_0,1185,2775,eq
param_id_0,1185,2625,eq
param_id_0,1185,2906,eq
param_id_0,1185,2865,eq
param_id_0,1185,2645,eq
param_id_0,1185,2625,eq
param_id_0,1185,2625,eq
param_id_0,1185,3447,eq
param_id_0,1193,2956,eq
param_id_0,1193,2655,eq
param_id_0,1193,3887,eq
param_id_0,1193,2635,eq
param_id_0,1193,2655,eq
param_id_0,1193,2835,eq
param_id_0,1193,2665,eq
param_id_0,1193,2765,eq
param_id_0,1193,2845,eq
param_id_0,1193,2655,eq
param_id_0,1201,2685,eq
param_id_0,1201,2956,eq
param_id_0,1201,3297,eq
param_id_0,1201,3016,eq
param_id_0,1201,2846,eq
param_id_0,1201,2675,eq
param_id_0,1201,3607,eq
param_id_0,1201,3005,eq
param_id_0,1201,2635,eq
param_id_0,1201,2655,eq
param_id_0,1209,3006,eq
param_id_0,1209,2725,eq
param_id_0,1209,2755,eq
param_id_0,1209,2675,eq
param_id_0,1209,3086,eq
param_id_0,1209,2675,eq
param_id_0,1209,3066,eq
param_id_0,1209,2695,eq
param_id_0,1209,2805,eq
param_id_0,1209,2995,eq
param_id_0,1217,3066,eq
param_id_0,1217,2756,eq
param_id_0,1217,2695,eq
param_id_0,1217,2935,eq
param_id_0,1217,2965,eq
param_id_0,1217,2685,eq
param_id_0,1217,2985,eq
param_id_0,1217,3216,eq
param_id_0,1217,2696,eq
param_id_0,1217,2905,eq
param_id_0,1225,2956,eq
param_id_0,1225,3327,eq
param_id_0,1225,2996,eq
param_id_0,1225,3136,eq
param_id_0,1225,2936,eq
param_id_0,1225,3436,eq
param_id_0,1225,2916,eq
param_id_0,1225,3326,eq
param_id_0,1225,2746,eq
param_id_0,1225,3176,eq
param_id_0,1233,2786,eq
param_id_0,1233,2735,eq
param_id_0,1233,2716,eq
param_id_0,1233,3427,eq
param_id_0,1233,2775,eq
param_id_0,1233,2665,eq
param_id_0,1233,2776,eq
param_id_0,1233,2926,eq
param_id_0,1233,2635,eq
param_id_0,1233,2565,eq
param_id_0,1241,3446,eq
param_id_0,1241,2726,eq
param_id_0,1241,2806,eq
param_id_0,1241,2996,eq
param_id_0,1241,2915,eq
param_id_0,1241,2745,eq
param_id_0,1241,3206,eq
param_id_0,1241,2785,eq
param_id_0,1241,3727,eq
param_id_0,1241,2726,eq
param_id_0,1249,2775,eq
param_id_0,1249,2775,eq
param_id_0,1249,3587,eq
param_id_0,1249,3206,eq
param_id_0,1249,2795,eq
param_id_0,1249,3707,eq
param_id_0,1249,2756,eq
param_id_0,1249,3016,eq
param_id_0,1249,2795,eq
param_id_0,1249,3306,eq
param_id_0,1257,3046,eq
param_id_0,1257,2766,eq
param_id_0,1257,2795,eq
param_id_0,1257,2915,eq
param_id_0,1257,2976,eq
param_id_0,1257,3156,eq
param_id_0,1257,2655,eq
param_id_0,1257,3347,eq
param_id_0,1257,3457,eq
param_id_0,1257,3296,eq
param_id_0,1265,3085,eq
param_id_0,1265,3487,eq
param_id_0,1265,2806,eq
param_id_0,1265,2866,eq
param_id_0,1265,2765,eq
param_id_0,1265,2745,eq
param_id_0,1265,3116,eq
param_id_0,1265,3316,eq
param_id_0,1265,2835,eq
param_id_0,1265,2845,eq
param_id_0,1273,3096,eq
param_id_0,1273,3066,eq
param_id_0,1273,3267,eq
param_id_0,1273,2946,eq
param_id_0,1273,2815,eq
param_id_0,1273,2985,eq
param_id_0,1273,2866,eq
param_id_0,1273,2845,eq
param_id_0,1273,2885,eq
param_id_0,1273,3206,eq
param_id_0,1281,2896,eq
param_id_0,1281,3146,eq
param_id_0,1281,3146,eq
param_id_0,1281,3106,eq
param_id_0,1281,3326,eq
param_id_0,1281,2856,eq
param_id_0,1281,2866,eq
param_id_0,1281,3376,eq
param_id_0,1281,3647,eq
param_id_0,1281,2836,eq
param_id_0,1289,2846,eq
param_id_0,1289,3467,eq
param_id_0,1289,2886,eq
param_id_0,1289,3547,eq
param_id_0,1289,3227,eq
param_id_0,1289,3476,eq
param_id_0,1289,3136,eq
param_id_0,1289,3396,eq
param_id_0,1289,3056,eq
param_id_0,1289,2906,eq
param_id_0,1297,2896,eq
param_id_0,1297,2896,eq
param_id_0,1297,4018,eq
param_id_0,1297,3035,eq
param_id_0,1297,2875,eq
param_id_0,1297,2856,eq
param_id_0,1297,3197,eq
param_id_0,1297,3046,eq
param_id_0,1297,3046,eq
param_id_0,1297,2876,eq
param_id_0,1305,3426,eq
param_id_0,1305,3226,eq
param_id_0,1305,2935,eq
param_id_0,1305,2895,eq
param_id_0,1305,3507,eq
param_id_0,1305,2906,eq
param_id_0,1305,3306,eq
param_id_0,1305,3517,eq
param_id_0,1305,3036,eq
param_id_0,1305,3035,eq
param_id_0,1313,3396,eq
param_id_0,1313,3536,eq
param_id_0,1313,3086,eq
param_id_0,1313,2885,eq
param_id_0,1313,3286,eq
param_id_0,1313,2906,eq
param_id_0,1313,2906,eq
param_id_0,1313,3056,eq
param_id_0,1313,2925,eq
param_id_0,1313,2906,eq
param_id_0,1321,3076,eq
param_id_0,1321,3076,eq
param_id_0,1321,2826,eq
param_id_0,1321,3056,eq
param_id_0,1321,3667,eq
param_id_0,1321,3026,eq
param_id_0,1321,3988,eq
param_id_0,1321,3406,eq
param_id_0,1321,2946,eq
param_id_0,1321,2986,eq
param_id_0,1329,2976,eq
param_id_0,1329,3146,eq
param_id_0,1329,3186,eq
param_id_0,1329,3717,eq
param_id_0,1329,2955,eq
param_id_0,1329,2916,eq
param_id_0,1329,3156,eq
param_id_0,1329,3757,eq
param_id_0,1329,2916,eq
param_id_0,1329,3126,eq
param_id_0,1337,2965,eq
param_id_0,1337,2946,eq
param_id_0,1337,2875,eq
param_id_0,1337,3046,eq
param_id_0,1337,3727,eq
param_id_0,1337,2996,eq
param_id_0,1337,2966,eq
param_id_0,1337,2975,eq
param_id_0,1337,3707,eq
param_id_0,1337,3006,eq
param_id_0,1345,3156,eq
param_id_0,1345,3186,eq
param_id_0,1345,3456,eq
param_id_0,1345,3276,eq
param_id_0,1345,3587,eq
param_id_0,1345,3547,eq
param_id_0,1345,2935,eq
param_id_0,1345,3947,eq
param_id_0,1345,2996,eq
param_id_0,1345,3888,eq
param_id_0,1353,2975,eq
param_id_0,1353,3166,eq
param_id_0,1353,3146,eq
param_id_0,1353,3006,eq
param_id_0,1353,3196,eq
param_id_0,1353,3005,eq
param_id_0,1353,3136,eq
param_id_0,1353,3918,eq
param_id_0,1353,3487,eq
param_id_0,1353,3186,eq
param_id_0,1361,3286,eq
param_id_0,1361,3777,eq
param_id_0,1361,3076,eq
param_id_0,1361,3036,eq
param_id_0,1361,3035,eq
param_id_0,1361,2956,eq
param_id_0,1361,2916,eq
param_id_0,1361,3016,eq
param_id_0,1361,3166,eq
param_id_0,1361,3847,eq
param_id_0,1369,2916,eq
param_id_0,1369,3126,eq
param_id_0,1369,3066,eq
param_id_0,1369,3066,eq
param_id_0,1369,3046,eq
param_id_0,1369,3297,eq
param_id_0,1369,3496,eq
param_id_0,1369,3016,eq
param_id_0,1369,3046,eq
param_id_0,1369,3036,eq
param_id_0,1377,3026,eq
param_id_0,1377,3266,eq
param_id_0,1377,3366,eq
param_id_0,1377,3366,eq
param_id_0,1377,3166,eq
param_id_0,1377,3026,eq
param_id_0,1377,3156,eq
param_id_0,1377,3606,eq
param_id_0,1377,3256,eq
param_id_0,1377,3005,eq
param_id_0,1385,3056,eq
param_id_0,1385,3056,eq
param_id_0,1385,3146,eq
param_id_0,1385,2965,eq
param_id_0,1385,3016,eq
param_id_0,1385,3056,eq
param_id_0,1385,3036,eq
param_id_0,1385,3066,eq
param_id_0,1385,3336,eq
param_id_0,1385,3627,eq
param_id_0,1393,3396,eq
param_id_0,1393,3096,eq
param_id_0,1393,3166,eq
param_id_0,1393,3767,eq
param_id_0,1393,3145,eq
param_id_0,1393,3036,eq
param_id_0,1393,3407,eq
param_id_0,1393,3216,eq
param_id_0,1393,3125,eq
param_id_0,1393,3096,eq
param_id_0,1401,3226,eq
param_id_0,1401,3207,eq
param_id_0,1401,3125,eq
param_id_0,1401,2986,eq
param_id_0,1401,3116,eq
param_id_0,1401,3006,eq
param_id_0,1401,3356,eq
param_id_0,1401,3226,eq
param_id_0,1401,3256,eq
param_id_0,1401,3085,eq
param_id_0,1409,3437,eq
param_id_0,1409,3587,eq
param_id_0,1409,3086,eq
param_id_0,1409,3116,eq
param_id_0,1409,3537,eq
param_id_0,1409,3477,eq
param_id_0,1409,3196,eq
param_id_0,1409,3327,eq
param_id_0,1409,3266,eq
param_id_0,1409,3116,eq
param_id_0,1417,3126,eq
param_id_0,1417,3116,eq
param_id_0,1417,3126,eq
param_id_0,1417,3306,eq
param_id_0,1417,3126,eq
param_id_0,1417,3617,eq
param_id_0,1417,3126,eq
param_id_0,1417,3336,eq
param_id_0,1417,3296,eq
param_id_0,1417,3106,eq
param_id_0,1425,3096,eq
param_id_0,1425,3066,eq
param_id_0,1425,3626,eq
param_id_0,1425,3136,eq
param_id_0,1425,3497,eq
param_id_0,1425,3397,eq
param_id_0,1425,3747,eq
param_id_0,1425,3066,eq
param_id_0,1425,3146,eq
param_id_0,1425,3407,eq
param_id_0,1433,3116,eq
param_id_0,1433,3176,eq
param_id_0,1433,3196,eq
param_id_0,1433,3427,eq
param_id_0,1433,3186,eq
param_id_0,1433,3136,eq
param_id_0,1433,3366,eq
param_id_0,1433,3296,eq
param_id_0,1433,3176,eq
param_id_0,1433,3326,eq
param_id_0,1441,3977,eq
param_id_0,1441,3627,eq
param_id_0,1441,3787,eq
param_id_0,1441,3807,eq
param_id_0,1441,4508,eq
param_id_0,1441,3317,eq
param_id_0,1441,3446,eq
param_id_0,1441,3286,eq
param_id_0,1441,3196,eq
param_id_0,1441,3206,eq
param_id_0,1449,3306,eq
param_id_0,1449,3968,eq
param_id_0,1449,3778,eq
param_id_0,1449,3297,eq
param_id_0,1449,3216,eq
param_id_0,1449,3377,eq
param_id_0,1449,3257,eq
param_id_0,1449,3336,eq
param_id_0,1449,3457,eq
param_id_0,1449,3477,eq
param_id_0,1457,3206,eq
param_id_0,1457,3506,eq
param_id_0,1457,3656,eq
param_id_0,1457,3858,eq
param_id_0,1457,3457,eq
param_id_0,1457,3216,eq
param_id_0,1457,3867,eq
param_id_0,1457,3327,eq
param_id_0,1457,3336,eq
param_id_0,1457,3266,eq
param_id_0,1465,4008,eq
param_id_0,1465,3366,eq
param_id_0,1465,3546,eq
param_id_0,1465,3767,eq
param_id_0,1465,3437,eq
param_id_0,1465,3246,eq
param_id_0,1465,3246,eq
param_id_0,1465,3256,eq
param_id_0,1465,3216,eq
param_id_0,1465,3246,eq
param_id_0,1473,3266,eq
param_id_0,1473,3377,eq
param_id_0,1473,3707,eq
param_id_0,1473,3206,eq
param_id_0,1473,3357,eq
param_id_0,1473,3667,eq
param_id_0,1473,3817,eq
param_id_0,1473,3496,eq
param_id_0,1473,3687,eq
param_id_0,1473,3257,eq
param_id_0,1481,3276,eq
param_id_0,1481,3256,eq
param_id_0,1481,3817,eq
param_id_0,1481,3587,eq
param_id_0,1481,4388,eq
param_id_0,1481,3557,eq
param_id_0,1481,3276,eq
param_id_0,1481,3307,eq
param_id_0,1481,3857,eq
param_id_0,1481,3447,eq
param_id_0,1489,3397,eq
param_id_0,1489,3576,eq
param_id_0,1489,4389,eq
param_id_0,1489,3236,eq
param_id_0,1489,3507,eq
param_id_0,1489,3337,eq
param_id_0,1489,3276,eq
param_id_0,1489,3186,eq
param_id_0,1489,3256,eq
param_id_0,1489,3637,eq
param_id_0,1497,3256,eq
param_id_0,1497,3266,eq
param_id_0,1497,3888,eq
param_id_0,1497,3267,eq
param_id_0,1497,3937,eq
param_id_0,1497,4269,eq
param_id_0,1497,3546,eq
param_id_0,1497,3426,eq
param_id_0,1497,3286,eq
param_id_0,1497,3286,eq
param_id_0,1505,3427,eq
param_id_0,1505,3216,eq
param_id_0,1505,3958,eq
param_id_0,1505,3256,eq
param_id_0,1505,3186,eq
param_id_0,1505,3296,eq
param_id_0,1505,4218,eq
param_id_0,1505,3687,eq
param_id_0,1505,3226,eq
param_id_0,1505,3236,eq
param_id_0,1513,3657,eq
param_id_0,1513,3446,eq
param_id_0,1513,3336,eq
param_id_0,1513,3777,eq
param_id_0,1513,4699,eq
param_id_0,1513,3537,eq
param_id_0,1513,3297,eq
param_id_0,1513,3647,eq
param_id_0,1513,4078,eq
param_id_0,1513,3306,eq
param_id_0,1521,3296,eq
param_id_0,1521,3446,eq
param_id_0,1521,4499,eq
param_id_0,1521,3927,eq
param_id_0,1521,3316,eq
param_id_0,1521,3326,eq
param_id_0,1521,3376,eq
param_id_0,1521,3567,eq
param_id_0,1521,3346,eq
param_id_0,1521,3616,eq
param_id_0,1529,3316,eq
param_id_0,1529,4208,eq
param_id_0,1529,3627,eq
param_id_0,1529,3357,eq
param_id_0,1529,3326,eq
param_id_0,1529,3316,eq
param_id_0,1529,3817,eq
param_id_0,1529,3297,eq
param_id_0,1529,3357,eq
param_id_0,1529,3607,eq
param_id_0,1537,3436,eq
param_id_0,1537,3346,eq
param_id_0,1537,3356,eq
param_id_0,1537,3537,eq
param_id_0,1537,3597,eq
param_id_0,1537,3577,eq
param_id_0,1537,3366,eq
param_id_0,1537,3497,eq
param_id_0,1537,3968,eq
param_id_0,1537,3346,eq
param_id_0,1545,3357,eq
param_id_0,1545,3547,eq
param_id_0,1545,4228,eq
param_id_0,1545,3346,eq
param_id_0,1545,3637,eq
param_id_0,1545,3396,eq
param_id_0,1545,3366,eq
param_id_0,1545,3396,eq
param_id_0,1545,3377,eq
param_id_0,1545,3707,eq
param_id_0,1553,3477,eq
param_id_0,1553,3516,eq
param_id_0,1553,3567,eq
param_id_0,1553,3447,eq
param_id_0,1553,3747,eq
param_id_0,1553,3737,eq
param_id_0,1553,3517,eq
param_id_0,1553,3576,eq
param_id_0,1553,3627,eq
param_id_0,1553,3397,eq
param_id_0,1561,3677,eq
param_id_0,1561,3446,eq
param_id_0,1561,3397,eq
param_id_0,1561,3407,eq
param_id_0,1561,3366,eq
param_id_0,1561,3587,eq
param_id_0,1561,3437,eq
param_id_0,1561,3386,eq
param_id_0,1561,3617,eq
param_id_0,1561,3427,eq
param_id_0,1569,3407,eq
param_id_0,1569,3537,eq
param_id_0,1569,3356,eq
param_id_0,1569,3527,eq
param_id_0,1569,3597,eq
param_id_0,1569,3297,eq
param_id_0,1569,3576,eq
param_id_0,1569,4088,eq
param_id_0,1569,3406,eq
param_id_0,1569,3376,eq
param_id_0,1577,3586,eq
param_id_0,1577,3587,eq
param_id_0,1577,3567,eq
param_id_0,1577,3898,eq
param_id_0,1577,3717,eq
param_id_0,1577,3647,eq
param_id_0,1577,3486,eq
param_id_0,1577,3416,eq
param_id_0,1577,3466,eq
param_id_0,1577,4108,eq
param_id_0,1585,3587,eq
param_id_0,1585,3667,eq
param_id_0,1585,3417,eq
param_id_0,1585,3487,eq
param_id_0,1585,3907,eq
param_id_0,1585,3477,eq
param_id_0,1585,3867,eq
param_id_0,1585,3797,eq
param_id_0,1585,3467,eq
param_id_0,1585,3587,eq
param_id_0,1593,3447,eq
param_id_0,1593,3476,eq
param_id_0,1593,3837,eq
param_id_0,1593,3447,eq
param_id_0,1593,3487,eq
param_id_0,1593,3427,eq
param_id_0,1593,3567,eq
param_id_0,1593,3467,eq
param_id_0,1593,3496,eq
param_id_0,1593,3657,eq
param_id_0,1601,3787,eq
param_id_0,1601,3537,eq
param_id_0,1601,3517,eq
param_id_0,1601,3627,eq
param_id_0,1601,3928,eq
param_id_0,1601,3577,eq
param_id_0,1601,3646,eq
param_id_0,1601,3486,eq
param_id_0,1601,3988,eq
param_id_0,1601,3476,eq
param_id_0,1609,4569,eq
param_id_0,1609,3496,eq
param_id_0,1609,3517,eq
param_id_0,1609,3497,eq
param_id_0,1609,3507,eq
param_id_0,1609,4258,eq
param_id_0,1609,3396,eq
param_id_0,1609,3737,eq
param_id_0,1609,3576,eq
param_id_0,1609,3507,eq
param_id_0,1617,3677,eq
param_id_0,1617,3537,eq
param_id_0,1617,3477,eq
param_id_0,1617,4338,eq
param_id_0,1617,4077,eq
param_id_0,1617,3537,eq
param_id_0,1617,4359,eq
param_id_0,1617,3536,eq
param_id_0,1617,3546,eq
param_id_0,1617,3516,eq
param_id_0,1625,3556,eq
param_id_0,1625,3547,eq
param_id_0,1625,3567,eq
param_id_0,1625,3838,eq
param_id_0,1625,3767,eq
param_id_0,1625,3507,eq
param_id_0,1625,3567,eq
param_id_0,1625,3838,eq
param_id_0,1625,3627,eq
param_id_0,1625,3697,eq
param_id_0,1633,3577,eq
param_id_0,1633,3477,eq
param_id_0,1633,3707,eq
param_id_0,1633,3737,eq
param_id_0,1633,3737,eq
param_id_0,1633,4147,eq
param_id_0,1633,3557,eq
param_id_0,1633,4008,eq
param_id_0,1633,3777,eq
param_id_0,1633,3707,eq
param_id_0,1641,3547,eq
param_id_0,1641,3747,eq
param_id_0,1641,3617,eq
param_id_0,1641,3677,eq
param_id_0,1641,3567,eq
param_id_0,1641,3577,eq
param_id_0,1641,3747,eq
param_id_0,1641,3546,eq
param_id_0,1641,4168,eq
param_id_0,1641,3898,eq
param_id_0,1649,4428,eq
param_id_0,1649,3757,eq
param_id_0,1649,3707,eq
param_id_0,1649,3888,eq
param_id_0,1649,3576,eq
param_id_0,1649,3607,eq
param_id_0,1649,4368,eq
param_id_0,1649,3547,eq
param_id_0,1649,3606,eq
param_id_0,1649,3747,eq
param_id_0,1657,3507,eq
param_id_0,1657,3587,eq
param_id_0,1657,3897,eq
param_id_0,1657,3808,eq
param_id_0,1657,3597,eq
param_id_0,1657,3828,eq
param_id_0,1657,3838,eq
param_id_0,1657,3677,eq
param_id_0,1657,3757,eq
param_id_0,1657,4749,eq
param_id_0,1665,3627,eq
param_id_0,1665,3807,eq
param_id_0,1665,3627,eq
param_id_0,1665,3827,eq
param_id_0,1665,3637,eq
param_id_0,1665,3767,eq
param_id_0,1665,3617,eq
param_id_0,1665,3877,eq
param_id_0,1665,3587,eq
param_id_0,1665,3797,eq
param_id_0,1673,3897,eq
param_id_0,1673,3517,eq
param_id_0,1673,3827,eq
param_id_0,1673,3857,eq
param_id_0,1673,3857,eq
param_id_0,1673,3647,eq
param_id_0,1673,3677,eq
param_id_0,1673,3908,eq
param_id_0,1673,3837,eq
param_id_0,1673,3808,eq
param_id_0,1681,4198,eq
param_id_0,1681,3807,eq
param_id_0,1681,3848,eq
param_id_0,1681,4108,eq
param_id_0,1681,3837,eq
param_id_0,1681,4208,eq
param_id_0,1681,3797,eq
param_id_0,1681,3888,eq
param_id_0,1681,3867,eq
param_id_0,1681,3918,eq
param_id_0,1689,3817,eq
param_id_0,1689,4128,eq
param_id_0,1689,3767,eq
param_id_0,1689,3657,eq
param_id_0,1689,3787,eq
param_id_0,1689,4098,eq
param_id_0,1689,3667,eq
param_id_0,1689,3737,eq
param_id_0,1689,3617,eq
param_id_0,1689,4038,eq
param_id_0,1697,3657,eq
param_id_0,1697,3607,eq
param_id_0,1697,3777,eq
param_id_0,1697,3677,eq
param_id_0,1697,3697,eq
param_id_0,1697,3907,eq
param_id_0,1697,3827,eq
param_id_0,1697,3737,eq
param_id_0,1697,3687,eq
param_id_0,1697,3597,eq
param_id_0,1705,3747,eq
param_id_0,1705,3687,eq
param_id_0,1705,3837,eq
param_id_0,1705,3908,eq
param_id_0,1705,3907,eq
param_id_0,1705,3697,eq
param_id_0,1705,3757,eq
param_id_0,1705,3657,eq
param_id_0,1705,3747,eq
param_id_0,1705,4037,eq
param_id_0,1713,3967,eq
param_id_0,1713,3927,eq
param_id_0,1713,3967,eq
param_id_0,1713,3847,eq
param_id_0,1713,4679,eq
param_id_0,1713,3717,eq
param_id_0,1713,3667,eq
param_id_0,1713,3697,eq
param_id_0,1713,3767,eq
param_id_0,1713,3707,eq
param_id_0,1721,4077,eq
param_id_0,1721,3787,eq
param_id_0,1721,3757,eq
param_id_0,1721,3697,eq
param_id_0,1721,3777,eq
param_id_0,1721,4078,eq
param_id_0,1721,4789,eq
param_id_0,1721,4038,eq
param_id_0,1721,3737,eq
param_id_0,1721,3908,eq
param_id_0,1729,4098,eq
param_id_0,1729,4228,eq
param_id_0,1729,3788,eq
param_id_0,1729,3747,eq
param_id_0,1729,4638,eq
param_id_0,1729,3827,eq
param_id_0,1729,3767,eq
param_id_0,1729,3947,eq
param_id_0,1729,3827,eq
param_id_0,1729,4128,eq
param_id_0,1737,4739,eq
param_id_0,1737,3788,eq
param_id_0,1737,4419,eq
param_id_0,1737,4028,eq
param_id_0,1737,3938,eq
param_id_0,1737,3817,eq
param_id_0,1737,4018,eq
param_id_0,1737,3777,eq
param_id_0,1737,4027,eq
param_id_0,1737,3777,eq
param_id_0,1745,3868,eq
param_id_0,1745,3967,eq
param_id_0,1745,3867,eq
param_id_0,1745,4408,eq
param_id_0,1745,3807,eq
param_id_0,1745,3847,eq
param_id_0,1745,4478,eq
param_id_0,1745,4518,eq
param_id_0,1745,3838,eq
param_id_0,1745,3777,eq
param_id_0,1753,3817,eq
param_id_0,1753,4258,eq
param_id_0,1753,3818,eq
param_id_0,1753,4037,eq
param_id_0,1753,3917,eq
param_id_0,1753,4739,eq
param_id_0,1753,4128,eq
param_id_0,1753,3988,eq
param_id_0,1753,3968,eq
param_id_0,1753,3818,eq
param_id_0,1761,3998,eq
param_id_0,1761,3778,eq
param_id_0,1761,3848,eq
param_id_0,1761,4168,eq
param_id_0,1761,3848,eq
param_id_0,1761,3797,eq
param_id_0,1761,3967,eq
param_id_0,1761,3828,eq
param_id_0,1761,3797,eq
param_id_0,1761,4268,eq
param_id_0,1769,4007,eq
param_id_0,1769,3847,eq
param_id_0,1769,3827,eq
param_id_0,1769,4198,eq
param_id_0,1769,3777,eq
param_id_0,1769,3857,eq
param_id_0,1769,3978,eq
param_id_0,1769,3808,eq
param_id_0,1769,4749,eq
param_id_0,1769,4017,eq
param_id_0,1777,4178,eq
param_id_0,1777,3837,eq
param_id_0,1777,3877,eq
param_id_0,1777,4368,eq
param_id_0,1777,3897,eq
param_id_0,1777,4047,eq
param_id_0,1777,4278,eq
param_id_0,1777,3938,eq
param_id_0,1777,3867,eq
param_id_0,1777,4418,eq
param_id_0,1785,4098,eq
param_id_0,1785,4138,eq
param_id_0,1785,4058,eq
param_id_0,1785,3868,eq
param_id_0,1785,3877,eq
param_id_0,1785,3987,eq
param_id_0,1785,4057,eq
param_id_0,1785,3897,eq
param_id_0,1785,4158,eq
param_id_0,1785,3938,eq
param_id_0,1793,3867,eq
param_id_0,1793,4949,eq
param_id_0,1793,4058,eq
param_id_0,1793,3877,eq
param_id_0,1793,4017,eq
param_id_0,1793,3928,eq
param_id_0,1793,3888,eq
param_id_0,1793,4238,eq
param_id_0,1793,4328,eq
param_id_0,1793,3887,eq
param_id_0,1801,3907,eq
param_id_0,1801,3868,eq
param_id_0,1801,4088,eq
param_id_0,1801,4208,eq
param_id_0,1801,3928,eq
param_id_0,1801,3858,eq
param_id_0,1801,4158,eq
param_id_0,1801,4107,eq
param_id_0,1801,3848,eq
param_id_0,1801,3917,eq
param_id_0,1809,3977,eq
param_id_0,1809,4038,eq
param_id_0,1809,3918,eq
param_id_0,1809,3868,eq
param_id_0,1809,3847,eq
param_id_0,1809,3918,eq
param_id_0,1809,4478,eq
param_id_0,1809,4128,eq
param_id_0,1809,4598,eq
param_id_0,1809,3918,eq
param_id_0,1817,3918,eq
param_id_0,1817,4369,eq
param_id_0,1817,4769,eq
param_id_0,1817,4107,eq
param_id_0,1817,4428,eq
param_id_0,1817,3917,eq
param_id_0,1817,4719,eq
param_id_0,1817,4259,eq
param_id_0,1817,4028,eq
param_id_0,1817,3787,eq
param_id_0,1825,4088,eq
param_id_0,1825,4379,eq
param_id_0,1825,3947,eq
param_id_0,1825,4128,eq
param_id_0,1825,4218,eq
param_id_0,1825,3907,eq
param_id_0,1825,4038,eq
param_id_0,1825,4078,eq
param_id_0,1825,3907,eq
param_id_0,1825,3967,eq
param_id_0,1833,4088,eq
param_id_0,1833,4128,eq
param_id_0,1833,3978,eq
param_id_0,1833,3917,eq
param_id_0,1833,3918,eq
param_id_0,1833,4188,eq
param_id_0,1833,3947,eq
param_id_0,1833,4178,eq
param_id_0,1833,4278,eq
param_id_0,1833,3968,eq
param_id_0,1841,4128,eq
param_id_0,1841,4338,eq
param_id_0,1841,4088,eq
param_id_0,1841,4137,eq
param_id_0,1841,4048,eq
param_id_0,1841,3937,eq
param_id_0,1841,3957,eq
param_id_0,1841,4138,eq
param_id_0,1841,4358,eq
param_id_0,1841,4198,eq
param_id_0,1849,3988,eq
param_id_0,1849,3957,eq
param_id_0,1849,4809,eq
param_id_0,1849,3948,eq
param_id_0,1849,4057,eq
param_id_0,1849,3967,eq
param_id_0,1849,4879,eq
param_id_0,1849,4258,eq
param_id_0,1849,4148,eq
param_id_0,1849,4208,eq
param_id_0,1857,4338,eq
param_id_0,1857,4318,eq
param_id_0,1857,4088,eq
param_id_0,1857,3998,eq
param_id_0,1857,4037,eq
param_id_0,1857,4449,eq
param_id_0,1857,4017,eq
param_id_0,1857,3978,eq
param_id_0,1857,4569,eq
param_id_0,1857,4138,eq
param_id_0,1865,4107,eq
param_id_0,1865,4007,eq
param_id_0,1865,4017,eq
param_id_0,1865,4037,eq
param_id_0,1865,4177,eq
param_id_0,1865,4148,eq
param_id_0,1865,4098,eq
param_id_0,1865,4208,eq
param_id_0,1865,4027,eq
param_id_0,1865,4098,eq
param_id_0,1873,3997,eq
param_id_0,1873,4017,eq
param_id_0,1873,5340,eq
param_id_0,1873,4118,eq
param_id_0,1873,4008,eq
param_id_0,1873,3968,eq
param_id_0,1873,4448,eq
param_id_0,1873,4559,eq
param_id_0,1873,4038,eq
param_id_0,1873,4598,eq
param_id_0,1881,4058,eq
param_id_0,1881,4057,eq
param_id_0,1881,4058,eq
param_id_0,1881,4188,eq
param_id_0,1881,4048,eq
param_id_0,1881,4218,eq
param_id_0,1881,4238,eq
param_id_0,1881,4038,eq
param_id_0,1881,3978,eq
param_id_0,1881,4058,eq
param_id_0,1889,4078,eq
param_id_0,1889,4048,eq
param_id_0,1889,4068,eq
param_id_0,1889,4057,eq
param_id_0,1889,4309,eq
param_id_0,1889,4358,eq
param_id_0,1889,4068,eq
param_id_0,1889,4048,eq
param_id_0,1889,5169,eq
param_id_0,1889,4088,eq
param_id_0,1897,4238,eq
param_id_0,1897,4087,eq
param_id_0,1897,4068,eq
param_id_0,1897,4028,eq
param_id_0,1897,4058,eq
param_id_0,1897,4118,eq
param_id_0,1897,4068,eq
param_id_0,1897,4098,eq
param_id_0,1897,4429,eq
param_id_0,1897,4168,eq
param_id_0,1905,4098,eq
param_id_0,1905,4839,eq
param_id_0,1905,4288,eq
param_id_0,1905,4278,eq
param_id_0,1905,4078,eq
param_id_0,1905,4288,eq
param_id_0,1905,4238,eq
param_id_0,1905,4249,eq
param_id_0,1905,4228,eq
param_id_0,1905,4459,eq
param_id_0,1913,4609,eq
param_id_0,1913,4087,eq
param_id_0,1913,4128,eq
param_id_0,1913,4098,eq
param_id_0,1913,5270,eq
param_id_0,1913,4087,eq
param_id_0,1913,4208,eq
param_id_0,1913,4409,eq
param_id_0,1913,4398,eq
param_id_0,1913,4378,eq
param_id_0,1921,4188,eq
param_id_0,1921,4539,eq
param_id_0,1921,4248,eq
param_id_0,1921,4388,eq
param_id_0,1921,4639,eq
param_id_0,1921,4118,eq
param_id_0,1921,4168,eq
param_id_0,1921,4148,eq
param_id_0,1921,4168,eq
param_id_0,1921,4318,eq
param_id_0,1929,4378,eq
param_id_0,1929,4258,eq
param_id_0,1929,4208,eq
param_id_0,1929,5430,eq
param_id_0,1929,4168,eq
param_id_0,1929,4228,eq
param_id_0,1929,4499,eq
param_id_0,1929,4348,eq
param_id_0,1929,4589,eq
param_id_0,1929,4379,eq
param_id_0,1937,4398,eq
param_id_0,1937,4418,eq
param_id_0,1937,4529,eq
param_id_0,1937,4429,eq
param_id_0,1937,4488,eq
param_id_0,1937,4568,eq
param_id_0,1937,5120,eq
param_id_0,1937,4408,eq
param_id_0,1937,4378,eq
param_id_0,1937,4168,eq
param_id_0,1945,4588,eq
param_id_0,1945,4428,eq
param_id_0,1945,4488,eq
param_id_0,1945,4338,eq
param_id_0,1945,5500,eq
param_id_0,1945,4238,eq
param_id_0,1945,4228,eq
param_id_0,1945,4298,eq
param_id_0,1945,4218,eq
param_id_0,1945,4819,eq
param_id_0,1953,4448,eq
param_id_0,1953,4578,eq
param_id_0,1953,5701,eq
param_id_0,1953,4228,eq
param_id_0,1953,4268,eq
param_id_0,1953,4379,eq
param_id_0,1953,4198,eq
param_id_0,1953,4418,eq
param_id_0,1953,4669,eq
param_id_0,1953,4889,eq
param_id_0,1961,4759,eq
param_id_0,1961,4308,eq
param_id_0,1961,4468,eq
param_id_0,1961,4589,eq
param_id_0,1961,5049,eq
param_id_0,1961,4268,eq
param_id_0,1961,4439,eq
param_id_0,1961,4629,eq
param_id_0,1961,5200,eq
param_id_0,1961,5511,eq
param_id_0,1969,4298,eq
param_id_0,1969,4528,eq
param_id_0,1969,4759,eq
param_id_0,1969,4398,eq
param_id_0,1969,4649,eq
param_id_0,1969,4378,eq
param_id_0,1969,4248,eq
param_id_0,1969,4369,eq
param_id_0,1969,4218,eq
param_id_0,1969,4659,eq
param_id_0,1977,4228,eq
param_id_0,1977,4178,eq
param_id_0,1977,4198,eq
param_id_0,1977,4258,eq
param_id_0,1977,4399,eq
param_id_0,1977,4238,eq
param_id_0,1977,4188,eq
param_id_0,1977,5120,eq
param_id_0,1977,4388,eq
param_id_0,1977,4138,eq
param_id_0,1985,5190,eq
param_id_0,1985,4218,eq
param_id_0,1985,4299,eq
param_id_0,1985,4819,eq
param_id_0,1985,5160,eq
param_id_0,1985,4198,eq
param_id_0,1985,4108,eq
param_id_0,1985,4198,eq
param_id_0,1985,4288,eq
param_id_0,1985,4379,eq
param_id_0,1993,4659,eq
param_id_0,1993,4389,eq
param_id_0,1993,4348,eq
param_id_0,1993,4339,eq
param_id_0,1993,4418,eq
param_id_0,1993,4388,eq
param_id_0,1993,4498,eq
param_id_0,1993,4398,eq
param_id_0,1993,4488,eq
param_id_0,1993,4238,eq
param_id_0,2001,4519,eq
param_id_0,2001,4288,eq
param_id_0,2001,4398,eq
param_id_0,2001,4378,eq
param_id_0,2001,4299,eq
param_id_0,2001,5831,eq
param_id_0,2001,4709,eq
param_id_0,2001,4478,eq
param_id_0,2001,4278,eq
param_id_0,2001,4419,eq
param_id_0,2009,4609,eq
param_id_0,2009,4609,eq
param_id_0,2009,4268,eq
param_id_0,2009,4318,eq
param_id_0,2009,4278,eq
param_id_0,2009,4278,eq
param_id_0,2009,4499,eq
param_id_0,2009,4268,eq
param_id_0,2009,4278,eq
param_id_0,2009,4919,eq
param_id_0,2017,4719,eq
param_id_0,2017,4489,eq
param_id_0,2017,4969,eq
param_id_0,2017,4319,eq
param_id_0,2017,4598,eq
param_id_0,2017,4309,eq
param_id_0,2017,4298,eq
param_id_0,2017,4318,eq
param_id_0,2017,4428,eq
param_id_0,2017,4338,eq
param_id_0,2025,4598,eq
param_id_0,2025,4499,eq
param_id_0,2025,4819,eq
param_id_0,2025,4669,eq
param_id_0,2025,4528,eq
param_id_0,2025,4268,eq
param_id_0,2025,4389,eq
param_id_0,2025,4559,eq
param_id_0,2025,4408,eq
param_id_0,2025,4409,eq
param_id_0,2033,4539,eq
param_id_0,2033,4338,eq
param_id_0,2033,4528,eq
param_id_0,2033,4599,eq
param_id_0,2033,4529,eq
param_id_0,2033,4749,eq
param_id_0,2033,4359,eq
param_id_0,2033,4499,eq
param_id_0,2033,4379,eq
param_id_0,2033,4800,eq
param_id_0,2041,4328,eq
param_id_0,2041,4348,eq
param_id_0,2041,4338,eq
param_id_0,2041,4398,eq
param_id_0,2041,5590,eq
param_id_0,2041,4489,eq
param_id_0,2041,5040,eq
param_id_0,2041,4338,eq
param_id_0,2041,4499,eq
param_id_0,2041,4278,eq
param_id_0,2049,4418,eq
param_id_0,2049,4418,eq
param_id_0,2049,4298,eq
param_id_0,2049,4919,eq
param_id_0,2049,4468,eq
param_id_0,2049,4519,eq
param_id_0,2049,4458,eq
param_id_0,2049,4619,eq
param_id_0,2049,4399,eq
param_id_0,2049,4428,eq
param_id_0,2057,4649,eq
param_id_0,2057,4458,eq
param_id_0,2057,4478,eq
param_id_0,2057,4829,eq
param_id_0,2057,5471,eq
param_id_0,2057,4799,eq
param_id_0,2057,4689,eq
param_id_0,2057,4619,eq
param_id_0,2057,5931,eq
param_id_0,2057,4448,eq
param_id_0,2065,4559,eq
param_id_0,2065,4979,eq
param_id_0,2065,4458,eq
param_id_0,2065,4368,eq
param_id_0,2065,5300,eq
param_id_0,2065,5631,eq
param_id_0,2065,4418,eq
param_id_0,2065,4369,eq
param_id_0,2065,4389,eq
param_id_0,2065,4869,eq
param_id_0,2073,4529,eq
param_id_0,2073,5480,eq
param_id_0,2073,4549,eq
param_id_0,2073,5771,eq
param_id_0,2073,4508,eq
param_id_0,2073,4488,eq
param_id_0,2073,4879,eq
param_id_0,2073,4358,eq
param_id_0,2073,4429,eq
param_id_0,2073,4469,eq
param_id_0,2081,4508,eq
param_id_0,2081,4629,eq
param_id_0,2081,4518,eq
param_id_0,2081,4639,eq
param_id_0,2081,4388,eq
param_id_0,2081,5260,eq
param_id_0,2081,4509,eq
param_id_0,2081,4448,eq
param_id_0,2081,4578,eq
param_id_0,2081,4478,eq
param_id_0,2089,4559,eq
param_id_0,2089,4519,eq
param_id_0,2089,4639,eq
param_id_0,2089,4368,eq
param_id_0,2089,4478,eq
param_id_0,2089,4649,eq
param_id_0,2089,4629,eq
param_id_0,2089,4669,eq
param_id_0,2089,4569,eq
param_id_0,2089,4369,eq
param_id_0,2097,5130,eq
param_id_0,2097,4489,eq
param_id_0,2097,4849,eq
param_id_0,2097,4338,eq
param_id_0,2097,4478,eq
param_id_0,2097,5150,eq
param_id_0,2097,5410,eq
param_id_0,2097,4468,eq
param_id_0,2097,5120,eq
param_id_0,2097,5411,eq
param_id_0,2105,5019,eq
param_id_0,2105,4709,eq
param_id_0,2105,4559,eq
param_id_0,2105,5571,eq
param_id_0,2105,4940,eq
param_id_0,2105,4458,eq
param_id_0,2105,4458,eq
param_id_0,2105,4618,eq
param_id_0,2105,4749,eq
param_id_0,2105,4438,eq
param_id_0,2113,4458,eq
param_id_0,2113,5721,eq
param_id_0,2113,4679,eq
param_id_0,2113,4649,eq
param_id_0,2113,4679,eq
param_id_0,2113,5451,eq
param_id_0,2113,4458,eq
param_id_0,2113,4509,eq
param_id_0,2113,5480,eq
param_id_0,2113,4428,eq
param_id_0,2121,5270,eq
param_id_0,2121,4769,eq
param_id_0,2121,5480,eq
param_id_0,2121,4469,eq
param_id_0,2121,4619,eq
param_id_0,2121,4599,eq
param_id_0,2121,4669,eq
param_id_0,2121,5190,eq
param_id_0,2121,4538,eq
param_id_0,2121,4468,eq
param_id_0,2129,5560,eq
param_id_0,2129,4499,eq
param_id_0,2129,4528,eq
param_id_0,2129,4379,eq
param_id_0,2129,5911,eq
param_id_0,2129,4589,eq
param_id_0,2129,4899,eq
param_id_0,2129,5461,eq
param_id_0,2129,4549,eq
param_id_0,2129,4609,eq
param_id_0,2137,5641,eq
param_id_0,2137,4479,eq
param_id_0,2137,5390,eq
param_id_0,2137,4468,eq
param_id_0,2137,4578,eq
param_id_0,2137,4599,eq
param_id_0,2137,4569,eq
param_id_0,2137,4498,eq
param_id_0,2137,4648,eq
param_id_0,2137,5240,eq
param_id_0,2145,4588,eq
param_id_0,2145,4799,eq
param_id_0,2145,4839,eq
param_id_0,2145,4408,eq
param_id_0,2145,4539,eq
param_id_0,2145,4468,eq
param_id_0,2145,4659,eq
param_id_0,2145,4459,eq
param_id_0,2145,4479,eq
param_id_0,2145,4509,eq
param_id_0,2153,4779,eq
param_id_0,2153,4509,eq
param_id_0,2153,4769,eq
param_id_0,2153,5511,eq
param_id_0,2153,4419,eq
param_id_0,2153,4458,eq
param_id_0,2153,4629,eq
param_id_0,2153,4519,eq
param_id_0,2153,4579,eq
param_id_0,2153,4718,eq
param_id_0,2161,4779,eq
param_id_0,2161,5560,eq
param_id_0,2161,4959,eq
param_id_0,2161,4518,eq
param_id_0,2161,4528,eq
param_id_0,2161,5670,eq
param_id_0,2161,4519,eq
param_id_0,2161,4639,eq
param_id_0,2161,4960,eq
param_id_0,2161,4438,eq
param_id_0,2169,4568,eq
param_id_0,2169,4538,eq
param_id_0,2169,5560,eq
param_id_0,2169,4728,eq
param_id_0,2169,5110,eq
param_id_0,2169,4548,eq
param_id_0,2169,4749,eq
param_id_0,2169,4569,eq
param_id_0,2169,4588,eq
param_id_0,2169,4819,eq
param_id_0,2177,4588,eq
param_id_0,2177,5020,eq
param_id_0,2177,4699,eq
param_id_0,2177,4619,eq
param_id_0,2177,5441,eq
param_id_0,2177,4989,eq
param_id_0,2177,4980,eq
param_id_0,2177,5671,eq
param_id_0,2177,4669,eq
param_id_0,2177,4629,eq
param_id_0,2185,4930,eq
param_id_0,2185,5209,eq
param_id_0,2185,4860,eq
param_id_0,2185,4558,eq
param_id_0,2185,4598,eq
param_id_0,2185,4548,eq
param_id_0,2185,4639,eq
param_id_0,2185,4508,eq
param_id_0,2185,4669,eq
param_id_0,2185,4809,eq
param_id_0,2193,4809,eq
param_id_0,2193,4598,eq
param_id_0,2193,4969,eq
param_id_0,2193,4599,eq
param_id_0,2193,4769,eq
param_id_0,2193,4739,eq
param_id_0,2193,5300,eq
param_id_0,2193,5160,eq
param_id_0,2193,4689,eq
param_id_0,2193,4860,eq
param_id_0,2201,5640,eq
param_id_0,2201,4889,eq
param_id_0,2201,4669,eq
param_id_0,2201,5631,eq
param_id_0,2201,4789,eq
param_id_0,2201,4899,eq
param_id_0,2201,4639,eq
param_id_0,2201,6072,eq
param_id_0,2201,4679,eq
param_id_0,2201,4618,eq
param_id_0,2209,4990,eq
param_id_0,2209,4639,eq
param_id_0,2209,4619,eq
param_id_0,2209,4618,eq
param_id_0,2209,4649,eq
param_id_0,2209,4699,eq
param_id_0,2209,4559,eq
param_id_0,2209,4980,eq
param_id_0,2209,4769,eq
param_id_0,2209,4849,eq
param_id_0,2217,4658,eq
param_id_0,2217,4629,eq
param_id_0,2217,4619,eq
param_id_0,2217,4539,eq
param_id_0,2217,4638,eq
param_id_0,2217,4599,eq
param_id_0,2217,4649,eq
param_id_0,2217,4870,eq
param_id_0,2217,4819,eq
param_id_0,2217,4819,eq
param_id_0,2225,4709,eq
param_id_0,2225,4629,eq
param_id_0,2225,4649,eq
param_id_0,2225,4950,eq
param_id_0,2225,4649,eq
param_id_0,2225,4940,eq
param_id_0,2225,4879,eq
param_id_0,2225,4619,eq
param_id_0,2225,4789,eq
param_id_0,2225,5240,eq
param_id_0,2233,4919,eq
param_id_0,2233,4879,eq
param_id_0,2233,4999,eq
param_id_0,2233,5451,eq
param_id_0,2233,4759,eq
param_id_0,2233,5290,eq
param_id_0,2233,5089,eq
param_id_0,2233,4839,eq
param_id_0,2233,5281,eq
param_id_0,2233,4638,eq
param_id_0,2241,4679,eq
param_id_0,2241,4839,eq
param_id_0,2241,5090,eq
param_id_0,2241,4749,eq
param_id_0,2241,4679,eq
param_id_0,2241,4879,eq
param_id_0,2241,4659,eq
param_id_0,2241,4940,eq
param_id_0,2241,4949,eq
param_id_0,2241,4659,eq
param_id_0,2249,4749,eq
param_id_0,2249,4789,eq
param_id_0,2249,4929,eq
param_id_0,2249,5130,eq
param_id_0,2249,4819,eq
param_id_0,2249,4689,eq
param_id_0,2249,5179,eq
param_id_0,2249,4819,eq
param_id_0,2249,4950,eq
param_id_0,2249,4929,eq
param_id_0,2257,4749,eq
param_id_0,2257,4579,eq
param_id_0,2257,4729,eq
param_id_0,2257,4839,eq
param_id_0,2257,4829,eq
param_id_0,2257,4919,eq
param_id_0,2257,4929,eq
param_id_0,2257,5039,eq
param_id_0,2257,5300,eq
param_id_0,2257,5119,eq
param_id_0,2265,4809,eq
param_id_0,2265,4780,eq
param_id_0,2265,4919,eq
param_id_0,2265,4739,eq
param_id_0,2265,4789,eq
param_id_0,2265,4699,eq
param_id_0,2265,4769,eq
param_id_0,2265,5150,eq
param_id_0,2265,4749,eq
param_id_0,2265,4718,eq
param_id_0,2273,4930,eq
param_id_0,2273,4729,eq
param_id_0,2273,5441,eq
param_id_0,2273,4849,eq
param_id_0,2273,5090,eq
param_id_0,2273,4940,eq
param_id_0,2273,4789,eq
param_id_0,2273,4899,eq
param_id_0,2273,5080,eq
param_id_0,2273,4719,eq
param_id_0,2281,4749,eq
param_id_0,2281,4669,eq
param_id_0,2281,5380,eq
param_id_0,2281,4939,eq
param_id_0,2281,5009,eq
param_id_0,2281,4979,eq
param_id_0,2281,5090,eq
param_id_0,2281,5090,eq
param_id_0,2281,4829,eq
param_id_0,2281,5020,eq
param_id_0,2289,5150,eq
param_id_0,2289,4789,eq
param_id_0,2289,4920,eq
param_id_0,2289,4919,eq
param_id_0,2289,4979,eq
param_id_0,2289,4889,eq
param_id_0,2289,4969,eq
param_id_0,2289,4749,eq
param_id_0,2289,4929,eq
param_id_0,2289,5190,eq
param_id_0,2297,4950,eq
param_id_0,2297,4819,eq
param_id_0,2297,5019,eq
param_id_0,2297,5330,eq
param_id_0,2297,4930,eq
param_id_0,2297,5260,eq
param_id_0,2297,4769,eq
param_id_0,2297,4779,eq
param_id_0,2297,4769,eq
param_id_0,2297,4799,eq
param_id_0,2305,5050,eq
param_id_0,2305,4819,eq
param_id_0,2305,4949,eq
param_id_0,2305,4849,eq
param_id_0,2305,5120,eq
param_id_0,2305,4919,eq
param_id_0,2305,4910,eq
param_id_0,2305,5089,eq
param_id_0,2305,5630,eq
param_id_0,2305,4850,eq
param_id_0,2313,5010,eq
param_id_0,2313,4809,eq
param_id_0,2313,4880,eq
param_id_0,2313,5200,eq
param_id_0,2313,5180,eq
param_id_0,2313,4809,eq
param_id_0,2313,5099,eq
param_id_0,2313,4850,eq
param_id_0,2313,4999,eq
param_id_0,2313,4859,eq
param_id_0,2321,5150,eq
param_id_0,2321,5110,eq
param_id_0,2321,5230,eq
param_id_0,2321,5311,eq
param_id_0,2321,5200,eq
param_id_0,2321,4869,eq
param_id_0,2321,4889,eq
param_id_0,2321,4940,eq
param_id_0,2321,5120,eq
param_id_0,2321,4829,eq
param_id_0,2329,4949,eq
param_id_0,2329,4909,eq
param_id_0,2329,5039,eq
param_id_0,2329,5039,eq
param_id_0,2329,5090,eq
param_id_0,2329,4890,eq
param_id_0,2329,4959,eq
param_id_0,2329,5059,eq
param_id_0,2329,5240,eq
param_id_0,2329,5240,eq
param_id_0,2337,4919,eq
param_id_0,2337,6442,eq
param_id_0,2337,5160,eq
param_id_0,2337,5821,eq
param_id_0,2337,4950,eq
param_id_0,2337,5060,eq
param_id_0,2337,4950,eq
param_id_0,2337,4889,eq
param_id_0,2337,4919,eq
param_id_0,2337,5310,eq
param_id_0,2345,5500,eq
param_id_0,2345,5250,eq
param_id_0,2345,5611,eq
param_id_0,2345,5079,eq
param_id_0,2345,4909,eq
param_id_0,2345,5390,eq
param_id_0,2345,5039,eq
param_id_0,2345,5179,eq
param_id_0,2345,5250,eq
param_id_0,2345,5230,eq
param_id_0,2353,4970,eq
param_id_0,2353,5110,eq
param_id_0,2353,4979,eq
param_id_0,2353,5150,eq
param_id_0,2353,4969,eq
param_id_0,2353,5941,eq
param_id_0,2353,5260,eq
param_id_0,2353,5270,eq
param_id_0,2353,5150,eq
param_id_0,2353,5050,eq
param_id_0,2361,5109,eq
param_id_0,2361,4919,eq
param_id_0,2361,5210,eq
param_id_0,2361,5039,eq
param_id_0,2361,5140,eq
param_id_0,2361,5381,eq
param_id_0,2361,5150,eq
param_id_0,2361,4959,eq
param_id_0,2361,5039,eq
param_id_0,2361,4989,eq
param_id_0,2369,5390,eq
param_id_0,2369,4879,eq
param_id_0,2369,5010,eq
param_id_0,2369,4999,eq
param_id_0,2369,5080,eq
param_id_0,2369,5130,eq
param_id_0,2369,5130,eq
param_id_0,2369,5049,eq
param_id_0,2369,5010,eq
param_id_0,2369,4839,eq
param_id_0,2377,5481,eq
param_id_0,2377,4940,eq
param_id_0,2377,5009,eq
param_id_0,2377,5109,eq
param_id_0,2377,5020,eq
param_id_0,2377,6102,eq
param_id_0,2377,5150,eq
param_id_0,2377,5050,eq
param_id_0,2377,5290,eq
param_id_0,2377,5200,eq
param_id_0,2385,5451,eq
param_id_0,2385,4929,eq
param_id_0,2385,6102,eq
param_id_0,2385,4959,eq
param_id_0,2385,5210,eq
param_id_0,2385,4969,eq
param_id_0,2385,5520,eq
param_id_0,2385,5440,eq
param_id_0,2385,5190,eq
param_id_0,2385,5290,eq
param_id_0,2393,5100,eq
param_id_0,2393,5009,eq
param_id_0,2393,5069,eq
param_id_0,2393,5260,eq
param_id_0,2393,5039,eq
param_id_0,2393,5180,eq
param_id_0,2393,5220,eq
param_id_0,2393,5180,eq
param_id_0,2393,5771,eq
param_id_0,2393,5350,eq
param_id_0,2401,5621,eq
param_id_0,2401,5060,eq
param_id_0,2401,4999,eq
param_id_0,2401,5230,eq
param_id_0,2401,5049,eq
param_id_0,2401,5099,eq
param_id_0,2401,5020,eq
param_id_0,2401,4999,eq
param_id_0,2401,5460,eq
param_id_0,2401,4999,eq
param_id_0,2409,5120,eq
param_id_0,2409,6502,eq
param_id_0,2409,5039,eq
param_id_0,2409,5651,eq
param_id_0,2409,5510,eq
param_id_0,2409,4990,eq
param_id_0,2409,5300,eq
param_id_0,2409,5130,eq
param_id_0,2409,5090,eq
param_id_0,2409,6252,eq
param_id_0,2417,5110,eq
param_id_0,2417,5510,eq
param_id_0,2417,5190,eq
param_id_0,2417,4970,eq
param_id_0,2417,5350,eq
param_id_0,2417,5351,eq
param_id_0,2417,5290,eq
param_id_0,2417,6573,eq
param_id_0,2417,5030,eq
param_id_0,2417,5099,eq
param_id_0,2425,6492,eq
param_id_0,2425,5019,eq
param_id_0,2425,5320,eq
param_id_0,2425,5070,eq
param_id_0,2425,6322,eq
param_id_0,2425,5320,eq
param_id_0,2425,5290,eq
param_id_0,2425,6462,eq
param_id_0,2425,5300,eq
param_id_0,2425,5310,eq
param_id_0,2433,5230,eq
param_id_0,2433,6271,eq
param_id_0,2433,5040,eq
param_id_0,2433,5190,eq
param_id_0,2433,5069,eq
param_id_0,2433,5480,eq
param_id_0,2433,5110,eq
param_id_0,2433,5089,eq
param_id_0,2433,6372,eq
param_id_0,2433,5600,eq
param_id_0,2441,5150,eq
param_id_0,2441,5209,eq
param_id_0,2441,5130,eq
param_id_0,2441,5060,eq
param_id_0,2441,5090,eq
param_id_0,2441,5069,eq
param_id_0,2441,5140,eq
param_id_0,2441,5079,eq
param_id_0,2441,5180,eq
param_id_0,2441,5149,eq
param_id_0,2449,6322,eq
param_id_0,2449,5150,eq
param_id_0,2449,5160,eq
param_id_0,2449,5220,eq
param_id_0,2449,5139,eq
param_id_0,2449,5230,eq
param_id_0,2449,5220,eq
param_id_0,2449,5120,eq
param_id_0,2449,5239,eq
param_id_0,2449,5160,eq
param_id_0,2457,5209,eq
param_id_0,2457,5400,eq
param_id_0,2457,6402,eq
param_id_0,2457,5511,eq
param_id_0,2457,5821,eq
param_id_0,2457,6262,eq
param_id_0,2457,5150,eq
param_id_0,2457,5120,eq
param_id_0,2457,5280,eq
param_id_0,2457,6342,eq
param_id_0,2465,5370,eq
param_id_0,2465,5500,eq
param_id_0,2465,6272,eq
param_id_0,2465,5160,eq
param_id_0,2465,5209,eq
param_id_0,2465,5420,eq
param_id_0,2465,5421,eq
param_id_0,2465,5190,eq
param_id_0,2465,5350,eq
param_id_0,2465,5159,eq
param_id_0,2473,5260,eq
param_id_0,2473,5190,eq
param_id_0,2473,5420,eq
param_id_0,2473,5100,eq
param_id_0,2473,5521,eq
param_id_0,2473,5140,eq
param_id_0,2473,5280,eq
param_id_0,2473,5350,eq
param_id_0,2473,5190,eq
param_id_0,2473,6443,eq
param_id_0,2481,5450,eq
param_id_0,2481,5690,eq
param_id_0,2481,5490,eq
param_id_0,2481,5330,eq
param_id_0,2481,5210,eq
param_id_0,2481,5350,eq
param_id_0,2481,5320,eq
param_id_0,2481,5481,eq
param_id_0,2481,5240,eq
param_id_0,2481,5159,eq
param_id_0,2489,5530,eq
param_id_0,2489,5360,eq
param_id_0,2489,6513,eq
param_id_0,2489,6022,eq
param_id_0,2489,5650,eq
param_id_0,2489,5580,eq
param_id_0,2489,5240,eq
param_id_0,2489,5310,eq
param_id_0,2489,5941,eq
param_id_0,2489,5189,eq
param_id_0,2497,5250,eq
param_id_0,2497,5691,eq
param_id_0,2497,5260,eq
param_id_0,2497,5200,eq
param_id_0,2497,5491,eq
param_id_0,2497,5210,eq
param_id_0,2497,5230,eq
param_id_0,2497,5461,eq
param_id_0,2497,6413,eq
param_id_0,2497,5180,eq
param_id_0,2505,5189,eq
param_id_0,2505,5591,eq
param_id_0,2505,5280,eq
param_id_0,2505,5351,eq
param_id_0,2505,5390,eq
param_id_0,2505,5451,eq
param_id_0,2505,5741,eq
param_id_0,2505,5260,eq
param_id_0,2505,5571,eq
param_id_0,2505,5220,eq
param_id_0,2513,5400,eq
param_id_0,2513,5160,eq
param_id_0,2513,5550,eq
param_id_0,2513,5250,eq
param_id_0,2513,5822,eq
param_id_0,2513,5601,eq
param_id_0,2513,5340,eq
param_id_0,2513,5500,eq
param_id_0,2513,5892,eq
param_id_0,2513,5340,eq
param_id_0,2521,5531,eq
param_id_0,2521,5481,eq
param_id_0,2521,5461,eq
param_id_0,2521,5451,eq
param_id_0,2521,6682,eq
param_id_0,2521,5300,eq
param_id_0,2521,5420,eq
param_id_0,2521,5290,eq
param_id_0,2521,5571,eq
param_id_0,2521,5410,eq
param_id_0,2529,5761,eq
param_id_0,2529,5260,eq
param_id_0,2529,6482,eq
param_id_0,2529,5560,eq
param_id_0,2529,5801,eq
param_id_0,2529,5420,eq
param_id_0,2529,5300,eq
param_id_0,2529,5550,eq
param_id_0,2529,5370,eq
param_id_0,2529,5220,eq
param_id_0,2537,6523,eq
param_id_0,2537,5641,eq
param_id_0,2537,5310,eq
param_id_0,2537,5250,eq
param_id_0,2537,5500,eq
param_id_0,2537,5260,eq
param_id_0,2537,5651,eq
param_id_0,2537,5260,eq
param_id_0,2537,5500,eq
param_id_0,2537,5360,eq
param_id_0,2545,5360,eq
param_id_0,2545,5660,eq
param_id_0,2545,5982,eq
param_id_0,2545,5410,eq
param_id_0,2545,5581,eq
param_id_0,2545,5581,eq
param_id_0,2545,5360,eq
param_id_0,2545,5370,eq
param_id_0,2545,5411,eq
param_id_0,2545,5300,eq
param_id_0,2553,5630,eq
param_id_0,2553,5421,eq
param_id_0,2553,5891,eq
param_id_0,2553,5310,eq
param_id_0,2553,5370,eq
param_id_0,2553,5320,eq
param_id_0,2553,5451,eq
param_id_0,2553,5491,eq
param_id_0,2553,5882,eq
param_id_0,2553,5631,eq
param_id_0,2561,5540,eq
param_id_0,2561,5821,eq
param_id_0,2561,5480,eq
param_id_0,2561,5461,eq
param_id_0,2561,5651,eq
param_id_0,2561,5500,eq
param_id_0,2561,5240,eq
param_id_0,2561,5290,eq
param_id_0,2561,5360,eq
param_id_0,2561,5541,eq
param_id_0,2569,5952,eq
param_id_0,2569,5290,eq
param_id_0,2569,5361,eq
param_id_0,2569,5350,eq
param_id_0,2569,5320,eq
param_id_0,2569,5340,eq
param_id_0,2569,5470,eq
param_id_0,2569,5601,eq
param_id_0,2569,5461,eq
param_id_0,2569,6192,eq
param_id_0,2577,5971,eq
param_id_0,2577,5641,eq
param_id_0,2577,5370,eq
param_id_0,2577,5330,eq
param_id_0,2577,5661,eq
param_id_0,2577,5350,eq
param_id_0,2577,5480,eq
param_id_0,2577,5812,eq
param_id_0,2577,5360,eq
param_id_0,2577,5491,eq
param_id_0,2585,5381,eq
param_id_0,2585,5521,eq
param_id_0,2585,5891,eq
param_id_0,2585,5770,eq
param_id_0,2585,5490,eq
param_id_0,2585,5340,eq
param_id_0,2585,6813,eq
param_id_0,2585,5791,eq
param_id_0,2585,5510,eq
param_id_0,2585,5641,eq
param_id_0,2593,5390,eq
param_id_0,2593,5680,eq
param_id_0,2593,5721,eq
param_id_0,2593,6712,eq
param_id_0,2593,5430,eq
param_id_0,2593,5640,eq
param_id_0,2593,6613,eq
param_id_0,2593,5370,eq
param_id_0,2593,5651,eq
param_id_0,2593,5380,eq
param_id_0,2601,6352,eq
param_id_0,2601,5711,eq
param_id_0,2601,5330,eq
param_id_0,2601,5661,eq
param_id_0,2601,5781,eq
param_id_0,2601,5490,eq
param_id_0,2601,5600,eq
param_id_0,2601,5420,eq
param_id_0,2601,5661,eq
param_id_0,2601,5741,eq
param_id_0,2609,5641,eq
param_id_0,2609,6042,eq
param_id_0,2609,5621,eq
param_id_0,2609,5761,eq
param_id_0,2609,5851,eq
param_id_0,2609,5370,eq
param_id_0,2609,5531,eq
param_id_0,2609,5440,eq
param_id_0,2609,5561,eq
param_id_0,2609,5470,eq
param_id_0,2617,5571,eq
param_id_0,2617,5560,eq
param_id_0,2617,5751,eq
param_id_0,2617,5531,eq
param_id_0,2617,5550,eq
param_id_0,2617,5711,eq
param_id_0,2617,5791,eq
param_id_0,2617,5591,eq
param_id_0,2617,5911,eq
param_id_0,2617,5731,eq
param_id_0,2625,6763,eq
param_id_0,2625,5310,eq
param_id_0,2625,6322,eq
param_id_0,2625,5490,eq
param_id_0,2625,5480,eq
param_id_0,2625,5441,eq
param_id_0,2625,5801,eq
param_id_0,2625,6171,eq
param_id_0,2625,5731,eq
param_id_0,2625,5711,eq
param_id_0,2633,5611,eq
param_id_0,2633,5751,eq
param_id_0,2633,5631,eq
param_id_0,2633,5460,eq
param_id_0,2633,5541,eq
param_id_0,2633,5701,eq
param_id_0,2633,5500,eq
param_id_0,2633,5761,eq
param_id_0,2633,5720,eq
param_id_0,2633,5781,eq
param_id_0,2641,5611,eq
param_id_0,2641,5530,eq
param_id_0,2641,5510,eq
param_id_0,2641,6863,eq
param_id_0,2641,6282,eq
param_id_0,2641,5730,eq
param_id_0,2641,5821,eq
param_id_0,2641,6051,eq
param_id_0,2641,5541,eq
param_id_0,2641,6873,eq
param_id_0,2649,6131,eq
param_id_0,2649,5540,eq
param_id_0,2649,5530,eq
param_id_0,2649,5541,eq
param_id_0,2649,5811,eq
param_id_0,2649,5962,eq
param_id_0,2649,5701,eq
param_id_0,2649,5590,eq
param_id_0,2649,5851,eq
param_id_0,2649,5761,eq
param_id_0,2657,5901,eq
param_id_0,2657,6161,eq
param_id_0,2657,5581,eq
param_id_0,2657,5480,eq
param_id_0,2657,7004,eq
param_id_0,2657,5461,eq
param_id_0,2657,5811,eq
param_id_0,2657,5580,eq
param_id_0,2657,5560,eq
param_id_0,2657,5630,eq
param_id_0,2665,5791,eq
param_id_0,2665,5671,eq
param_id_0,2665,5611,eq
param_id_0,2665,5831,eq
param_id_0,2665,5801,eq
param_id_0,2665,5891,eq
param_id_0,2665,5581,eq
param_id_0,2665,5861,eq
param_id_0,2665,5831,eq
param_id_0,2665,7033,eq
param_id_0,2673,5651,eq
param_id_0,2673,5821,eq
param_id_0,2673,5851,eq
param_id_0,2673,6592,eq
param_id_0,2673,5852,eq
param_id_0,2673,6102,eq
param_id_0,2673,5771,eq
param_id_0,2673,5951,eq
param_id_0,2673,5871,eq
param_id_0,2673,5661,eq
param_id_0,2681,5971,eq
param_id_0,2681,7003,eq
param_id_0,2681,5961,eq
param_id_0,2681,5901,eq
param_id_0,2681,5611,eq
param_id_0,2681,5590,eq
param_id_0,2681,5760,eq
param_id_0,2681,5571,eq
param_id_0,2681,6893,eq
param_id_0,2681,5620,eq
param_id_0,2689,5931,eq
param_id_0,2689,6843,eq
param_id_0,2689,5691,eq
param_id_0,2689,5801,eq
param_id_0,2689,5721,eq
param_id_0,2689,5741,eq
param_id_0,2689,6953,eq
param_id_0,2689,6052,eq
param_id_0,2689,5991,eq
param_id_0,2689,5771,eq
param_id_0,2697,7174,eq
param_id_0,2697,5550,eq
param_id_0,2697,5931,eq
param_id_0,2697,5691,eq
param_id_0,2697,5660,eq
param_id_0,2697,5911,eq
param_id_0,2697,5811,eq
param_id_0,2697,5701,eq
param_id_0,2697,7164,eq
param_id_0,2697,5701,eq
param_id_0,2705,5911,eq
param_id_0,2705,6222,eq
param_id_0,2705,6513,eq
param_id_0,2705,5912,eq
param_id_0,2705,5721,eq
param_id_0,2705,7284,eq
param_id_0,2705,6072,eq
param_id_0,2705,6072,eq
param_id_0,2705,5821,eq
param_id_0,2705,7353,eq
param_id_0,2713,5851,eq
param_id_0,2713,6602,eq
param_id_0,2713,5831,eq
param_id_0,2713,6032,eq
param_id_0,2713,5801,eq
param_id_0,2713,6202,eq
param_id_0,2713,6202,eq
param_id_0,2713,5691,eq
param_id_0,2713,5761,eq
param_id_0,2713,5660,eq
param_id_0,2721,5741,eq
param_id_0,2721,6172,eq
param_id_0,2721,5771,eq
param_id_0,2721,5700,eq
param_id_0,2721,7254,eq
param_id_0,2721,5791,eq
param_id_0,2721,5881,eq
param_id_0,2721,5601,eq
param_id_0,2721,7103,eq
param_id_0,2721,5781,eq
param_id_0,2729,5911,eq
param_id_0,2729,7224,eq
param_id_0,2729,5821,eq
param_id_0,2729,5801,eq
param_id_0,2729,6061,eq
param_id_0,2729,7304,eq
param_id_0,2729,5691,eq
param_id_0,2729,5902,eq
param_id_0,2729,6242,eq
param_id_0,2729,5711,eq
param_id_0,2737,6142,eq
param_id_0,2737,5811,eq
param_id_0,2737,5731,eq
param_id_0,2737,6964,eq
param_id_0,2737,6212,eq
param_id_0,2737,5901,eq
param_id_0,2737,6141,eq
param_id_0,2737,7394,eq
param_id_0,2737,5771,eq
param_id_0,2737,5691,eq
param_id_0,2745,5962,eq
param_id_0,2745,6062,eq
param_id_0,2745,5962,eq
param_id_0,2745,5761,eq
param_id_0,2745,7053,eq
param_id_0,2745,5771,eq
param_id_0,2745,5871,eq
param_id_0,2745,6041,eq
param_id_0,2745,7224,eq
param_id_0,2745,5811,eq
param_id_0,2753,6192,eq
param_id_0,2753,5730,eq
param_id_0,2753,7153,eq
param_id_0,2753,6352,eq
param_id_0,2753,5700,eq
param_id_0,2753,5781,eq
param_id_0,2753,6162,eq
param_id_0,2753,6051,eq
param_id_0,2753,5751,eq
param_id_0,2753,5891,eq
param_id_0,2761,6583,eq
param_id_0,2761,7114,eq
param_id_0,2761,5991,eq
param_id_0,2761,6111,eq
param_id_0,2761,6392,eq
param_id_0,2761,6102,eq
param_id_0,2761,5851,eq
param_id_0,2761,7183,eq
param_id_0,2761,6463,eq
param_id_0,2761,6122,eq
param_id_0,2769,6002,eq
param_id_0,2769,6162,eq
param_id_0,2769,5811,eq
param_id_0,2769,5781,eq
param_id_0,2769,6202,eq
param_id_0,2769,5831,eq
param_id_0,2769,5881,eq
param_id_0,2769,5931,eq
param_id_0,2769,5821,eq
param_id_0,2769,6102,eq
param_id_0,2777,7475,eq
param_id_0,2777,5842,eq
param_id_0,2777,5801,eq
param_id_0,2777,5862,eq
param_id_0,2777,5921,eq
param_id_0,2777,5871,eq
param_id_0,2777,5881,eq
param_id_0,2777,5892,eq
param_id_0,2777,5911,eq
param_id_0,2777,6162,eq
param_id_0,2785,6272,eq
param_id_0,2785,6152,eq
param_id_0,2785,6312,eq
param_id_0,2785,6162,eq
param_id_0,2785,6453,eq
param_id_0,2785,5852,eq
param_id_0,2785,5971,eq
param_id_0,2785,7364,eq
param_id_0,2785,5911,eq
param_id_0,2785,5862,eq
param_id_0,2793,6042,eq
param_id_0,2793,5881,eq
param_id_0,2793,5991,eq
param_id_0,2793,5882,eq
param_id_0,2793,6372,eq
param_id_0,2793,6062,eq
param_id_0,2793,6002,eq
param_id_0,2793,6082,eq
param_id_0,2793,6091,eq
param_id_0,2793,5951,eq
param_id_0,2801,5941,eq
param_id_0,2801,6272,eq
param_id_0,2801,6522,eq
param_id_0,2801,5902,eq
param_id_0,2801,6363,eq
param_id_0,2801,7775,eq
param_id_0,2801,5821,eq
param_id_0,2801,5971,eq
param_id_0,2801,5922,eq
param_id_0,2801,6041,eq
param_id_0,2809,6161,eq
param_id_0,2809,5962,eq
param_id_0,2809,5941,eq
param_id_0,2809,6071,eq
param_id_0,2809,5731,eq
param_id_0,2809,5750,eq
param_id_0,2809,6402,eq
param_id_0,2809,6473,eq
param_id_0,2809,5972,eq
param_id_0,2809,6432,eq
param_id_0,2817,6031,eq
param_id_0,2817,7374,eq
param_id_0,2817,6492,eq
param_id_0,2817,6072,eq
param_id_0,2817,5891,eq
param_id_0,2817,7344,eq
param_id_0,2817,5842,eq
param_id_0,2817,5891,eq
param_id_0,2817,7644,eq
param_id_0,2817,5921,eq
param_id_0,2825,6443,eq
param_id_0,2825,6041,eq
param_id_0,2825,7344,eq
param_id_0,2825,5861,eq
param_id_0,2825,6162,eq
param_id_0,2825,7644,eq
param_id_0,2825,6042,eq
param_id_0,2825,6452,eq
param_id_0,2825,6131,eq
param_id_0,2825,6453,eq
param_id_0,2833,6202,eq
param_id_0,2833,5992,eq
param_id_0,2833,6082,eq
param_id_0,2833,5941,eq
param_id_0,2833,6061,eq
param_id_0,2833,6221,eq
param_id_0,2833,6493,eq
param_id_0,2833,5981,eq
param_id_0,2833,5931,eq
param_id_0,2833,5892,eq
param_id_0,2841,5922,eq
param_id_0,2841,6121,eq
param_id_0,2841,6713,eq
param_id_0,2841,5951,eq
param_id_0,2841,6222,eq
param_id_0,2841,6222,eq
param_id_0,2841,5952,eq
param_id_0,2841,6061,eq
param_id_0,2841,7374,eq
param_id_0,2841,5901,eq
param_id_0,2849,6162,eq
param_id_0,2849,6552,eq
param_id_0,2849,6392,eq
param_id_0,2849,6382,eq
param_id_0,2849,5991,eq
param_id_0,2849,6172,eq
param_id_0,2849,6433,eq
param_id_0,2849,5882,eq
param_id_0,2849,5951,eq
param_id_0,2849,5972,eq
param_id_0,2857,7334,eq
param_id_0,2857,6092,eq
param_id_0,2857,5911,eq
param_id_0,2857,6161,eq
param_id_0,2857,5972,eq
param_id_0,2857,6122,eq
param_id_0,2857,6002,eq
param_id_0,2857,6452,eq
param_id_0,2857,6332,eq
param_id_0,2857,5991,eq
param_id_0,2865,6353,eq
param_id_0,2865,6221,eq
param_id_0,2865,6212,eq
param_id_0,2865,6563,eq
param_id_0,2865,6272,eq
param_id_0,2865,6071,eq
param_id_0,2865,6011,eq
param_id_0,2865,5961,eq
param_id_0,2865,6582,eq
param_id_0,2865,6062,eq
param_id_0,2873,5971,eq
param_id_0,2873,5961,eq
param_id_0,2873,6011,eq
param_id_0,2873,5982,eq
param_id_0,2873,6592,eq
param_id_0,2873,6272,eq
param_id_0,2873,6713,eq
param_id_0,2873,5981,eq
param_id_0,2873,6142,eq
param_id_0,2873,6432,eq
param_id_0,2881,7575,eq
param_id_0,2881,6743,eq
param_id_0,2881,6282,eq
param_id_0,2881,6181,eq
param_id_0,2881,7434,eq
param_id_0,2881,6322,eq
param_id_0,2881,6021,eq
param_id_0,2881,6022,eq
param_id_0,2881,6002,eq
param_id_0,2881,7234,eq
param_id_0,2889,6192,eq
param_id_0,2889,6141,eq
param_id_0,2889,6031,eq
param_id_0,2889,5981,eq
param_id_0,2889,6222,eq
param_id_0,2889,6252,eq
param_id_0,2889,6332,eq
param_id_0,2889,6132,eq
param_id_0,2889,6022,eq
param_id_0,2889,6041,eq
param_id_0,2897,6111,eq
param_id_0,2897,6152,eq
param_id_0,2897,6332,eq
param_id_0,2897,6202,eq
param_id_0,2897,6282,eq
param_id_0,2897,6052,eq
param_id_0,2897,6312,eq
param_id_0,2897,6042,eq
param_id_0,2897,7034,eq
param_id_0,2897,6211,eq
param_id_0,2905,6422,eq
param_id_0,2905,6362,eq
param_id_0,2905,6472,eq
param_id_0,2905,6503,eq
param_id_0,2905,6122,eq
param_id_0,2905,6733,eq
param_id_0,2905,7184,eq
param_id_0,2905,6582,eq
param_id_0,2905,7033,eq
param_id_0,2905,6412,eq
param_id_0,2913,6121,eq
param_id_0,2913,6062,eq
param_id_0,2913,6462,eq
param_id_0,2913,6122,eq
param_id_0,2913,6602,eq
param_id_0,2913,6112,eq
param_id_0,2913,6442,eq
param_id_0,2913,6141,eq
param_id_0,2913,6051,eq
param_id_0,2913,6172,eq
param_id_0,2921,6433,eq
param_id_0,2921,6483,eq
param_id_0,2921,6613,eq
param_id_0,2921,6051,eq
param_id_0,2921,6863,eq
param_id_0,2921,6603,eq
param_id_0,2921,6081,eq
param_id_0,2921,6062,eq
param_id_0,2921,6582,eq
param_id_0,2921,6142,eq
param_id_0,2929,6623,eq
param_id_0,2929,6072,eq
param_id_0,2929,6142,eq
param_id_0,2929,6062,eq
param_id_0,2929,6012,eq
param_id_0,2929,6663,eq
param_id_0,2929,6152,eq
param_id_0,2929,6522,eq
param_id_0,2929,6202,eq
param_id_0,2929,6292,eq
param_id_0,2937,6132,eq
param_id_0,2937,6543,eq
param_id_0,2937,6673,eq
param_id_0,2937,6092,eq
param_id_0,2937,6402,eq
param_id_0,2937,6292,eq
param_id_0,2937,6322,eq
param_id_0,2937,6262,eq
param_id_0,2937,6192,eq
param_id_0,2937,6502,eq
param_id_0,2945,6592,eq
param_id_0,2945,6753,eq
param_id_0,2945,6292,eq
param_id_0,2945,6102,eq
param_id_0,2945,6222,eq
param_id_0,2945,6342,eq
param_id_0,2945,6503,eq
param_id_0,2945,6392,eq
param_id_0,2945,6312,eq
param_id_0,2945,6422,eq
param_id_0,2953,6712,eq
param_id_0,2953,6242,eq
param_id_0,2953,7705,eq
param_id_0,2953,6171,eq
param_id_0,2953,6262,eq
param_id_0,2953,6432,eq
param_id_0,2953,7465,eq
param_id_0,2953,6593,eq
param_id_0,2953,6783,eq
param_id_0,2953,6231,eq
param_id_0,2961,8226,eq
param_id_0,2961,6593,eq
param_id_0,2961,6592,eq
param_id_0,2961,6433,eq
param_id_0,2961,6232,eq
param_id_0,2961,6342,eq
param_id_0,2961,6181,eq
param_id_0,2961,6593,eq
param_id_0,2961,6232,eq
param_id_0,2961,11943,eq
param_id_0,2969,6453,eq
param_id_0,2969,6222,eq
param_id_0,2969,6282,eq
param_id_0,2969,6342,eq
param_id_0,2969,6372,eq
param_id_0,2969,6423,eq
param_id_0,2969,6924,eq
param_id_0,2969,6653,eq
param_id_0,2969,6552,eq
param_id_0,2969,6152,eq
param_id_0,2977,6212,eq
param_id_0,2977,6262,eq
param_id_0,2977,6753,eq
param_id_0,2977,6362,eq
param_id_0,2977,6512,eq
param_id_0,2977,6281,eq
param_id_0,2977,6342,eq
param_id_0,2977,6272,eq
param_id_0,2977,6733,eq
param_id_0,2977,6572,eq
param_id_0,2985,6703,eq
param_id_0,2985,6622,eq
param_id_0,2985,6452,eq
param_id_0,2985,6923,eq
param_id_0,2985,6692,eq
param_id_0,2985,6482,eq
param_id_0,2985,6562,eq
param_id_0,2985,6823,eq
param_id_0,2985,6262,eq
param_id_0,2985,6743,eq
param_id_0,2993,6543,eq
param_id_0,2993,6161,eq
param_id_0,2993,6312,eq
param_id_0,2993,6583,eq
param_id_0,2993,6412,eq
param_id_0,2993,6673,eq
param_id_0,2993,6393,eq
param_id_0,2993,7885,eq
param_id_0,2993,6562,eq
param_id_0,2993,6723,eq
param_id_0,3001,6753,eq
param_id_0,3001,6262,eq
param_id_0,3001,6372,eq
param_id_0,3001,6302,eq
param_id_0,3001,6463,eq
param_id_0,3001,6272,eq
param_id_0,3001,6673,eq
param_id_0,3001,6462,eq
param_id_0,3001,6242,eq
param_id_0,3001,6633,eq
param_id_0,3009,6412,eq
param_id_0,3009,6542,eq
param_id_0,3009,6272,eq
param_id_0,3009,6462,eq
param_id_0,3009,6412,eq
param_id_0,3009,6442,eq
param_id_0,3009,6793,eq
param_id_0,3009,6412,eq
param_id_0,3009,6432,eq
param_id_0,3009,7514,eq
param_id_0,3017,6362,eq
param_id_0,3017,6362,eq
param_id_0,3017,6682,eq
param_id_0,3017,6533,eq
param_id_0,3017,6282,eq
param_id_0,3017,6452,eq
param_id_0,3017,6452,eq
param_id_0,3017,6923,eq
param_id_0,3017,6292,eq
param_id_0,3017,6863,eq
param_id_0,3025,6333,eq
param_id_0,3025,6833,eq
param_id_0,3025,6272,eq
param_id_0,3025,7073,eq
param_id_0,3025,6602,eq
param_id_0,3025,6352,eq
param_id_0,3025,6442,eq
param_id_0,3025,7334,eq
param_id_0,3025,6753,eq
param_id_0,3025,6332,eq
param_id_0,3033,6502,eq
param_id_0,3033,6823,eq
param_id_0,3033,6352,eq
param_id_0,3033,6523,eq
param_id_0,3033,6733,eq
param_id_0,3033,6473,eq
param_id_0,3033,6543,eq
param_id_0,3033,6803,eq
param_id_0,3033,6562,eq
param_id_0,3033,6402,eq
param_id_0,3041,6433,eq
param_id_0,3041,6573,eq
param_id_0,3041,6552,eq
param_id_0,3041,6332,eq
param_id_0,3041,6733,eq
param_id_0,3041,6823,eq
param_id_0,3041,6592,eq
param_id_0,3041,6372,eq
param_id_0,3041,6302,eq
param_id_0,3041,6532,eq
param_id_0,3049,6563,eq
param_id_0,3049,6753,eq
param_id_0,3049,6251,eq
param_id_0,3049,6282,eq
param_id_0,3049,6893,eq
param_id_0,3049,6803,eq
param_id_0,3049,6482,eq
param_id_0,3049,6713,eq
param_id_0,3049,6432,eq
param_id_0,3049,6312,eq
param_id_0,3057,6853,eq
param_id_0,3057,6723,eq
param_id_0,3057,6853,eq
param_id_0,3057,6984,eq
param_id_0,3057,6622,eq
param_id_0,3057,6342,eq
param_id_0,3057,6392,eq
param_id_0,3057,6382,eq
param_id_0,3057,6392,eq
param_id_0,3057,6673,eq
param_id_0,3065,6472,eq
param_id_0,3065,6433,eq
param_id_0,3065,6552,eq
param_id_0,3065,6442,eq
param_id_0,3065,6382,eq
param_id_0,3065,6673,eq
param_id_0,3065,6642,eq
param_id_0,3065,6692,eq
param_id_0,3065,6362,eq
param_id_0,3065,7063,eq
