store,disable_trace
return,disable_trace
branch,n_real_updates
icmp,n_real_updates
branch,n_real_updates
load,n_real_updates
load,n_real_updates
load,n_real_updates
fmul,n_real_updates
fadd,n_real_updates
store,n_real_updates
branch,n_real_updates
add,n_real_updates
branch,n_real_updates
icmp,n_real_updates
branch,n_real_updates
load,n_real_updates
load,n_real_updates
load,n_real_updates
fmul,n_real_updates
fadd,n_real_updates
store,n_real_updates
branch,n_real_updates
add,n_real_updates
branch,n_real_updates
icmp,n_real_updates
branch,n_real_updates
load,n_real_updates
load,n_real_updates
load,n_real_updates
fmul,n_real_updates
fadd,n_real_updates
store,n_real_updates
branch,n_real_updates
add,n_real_updates
branch,n_real_updates
icmp,n_real_updates
branch,n_real_updates
load,n_real_updates
load,n_real_updates
load,n_real_updates
fmul,n_real_updates
fadd,n_real_updates
store,n_real_updates
branch,n_real_updates
add,n_real_updates
branch,n_real_updates
icmp,n_real_updates
branch,n_real_updates
load,n_real_updates
load,n_real_updates
load,n_real_updates
fmul,n_real_updates
fadd,n_real_updates
store,n_real_updates
branch,n_real_updates
add,n_real_updates
branch,n_real_updates
icmp,n_real_updates
branch,n_real_updates
load,n_real_updates
load,n_real_updates
load,n_real_updates
fmul,n_real_updates
fadd,n_real_updates
store,n_real_updates
branch,n_real_updates
add,n_real_updates
branch,n_real_updates
icmp,n_real_updates
branch,n_real_updates
load,n_real_updates
load,n_real_updates
load,n_real_updates
fmul,n_real_updates
fadd,n_real_updates
store,n_real_updates
branch,n_real_updates
add,n_real_updates
branch,n_real_updates
icmp,n_real_updates
branch,n_real_updates
load,n_real_updates
load,n_real_updates
load,n_real_updates
fmul,n_real_updates
fadd,n_real_updates
store,n_real_updates
branch,n_real_updates
add,n_real_updates
branch,n_real_updates
icmp,n_real_updates
branch,n_real_updates
load,n_real_updates
load,n_real_updates
load,n_real_updates
fmul,n_real_updates
fadd,n_real_updates
store,n_real_updates
branch,n_real_updates
add,n_real_updates
branch,n_real_updates
icmp,n_real_updates
branch,n_real_updates
load,n_real_updates
load,n_real_updates
load,n_real_updates
fmul,n_real_updates
fadd,n_real_updates
store,n_real_updates
branch,n_real_updates
add,n_real_updates
branch,n_real_updates
icmp,n_real_updates
branch,n_real_updates
load,n_real_updates
load,n_real_updates
load,n_real_updates
fmul,n_real_updates
fadd,n_real_updates
store,n_real_updates
branch,n_real_updates
add,n_real_updates
branch,n_real_updates
icmp,n_real_updates
branch,n_real_updates
load,n_real_updates
load,n_real_updates
load,n_real_updates
fmul,n_real_updates
fadd,n_real_updates
store,n_real_updates
branch,n_real_updates
add,n_real_updates
branch,n_real_updates
icmp,n_real_updates
branch,n_real_updates
load,n_real_updates
load,n_real_updates
load,n_real_updates
fmul,n_real_updates
fadd,n_real_updates
store,n_real_updates
branch,n_real_updates
add,n_real_updates
branch,n_real_updates
icmp,n_real_updates
branch,n_real_updates
load,n_real_updates
load,n_real_updates
load,n_real_updates
fmul,n_real_updates
fadd,n_real_updates
store,n_real_updates
branch,n_real_updates
add,n_real_updates
branch,n_real_updates
icmp,n_real_updates
branch,n_real_updates
load,n_real_updates
load,n_real_updates
load,n_real_updates
fmul,n_real_updates
fadd,n_real_updates
store,n_real_updates
branch,n_real_updates
add,n_real_updates
branch,n_real_updates
icmp,n_real_updates
branch,n_real_updates
load,n_real_updates
load,n_real_updates
load,n_real_updates
fmul,n_real_updates
fadd,n_real_updates
store,n_real_updates
branch,n_real_updates
add,n_real_updates
branch,n_real_updates
icmp,n_real_updates
branch,n_real_updates
load,n_real_updates
load,n_real_updates
load,n_real_updates
fmul,n_real_updates
fadd,n_real_updates
store,n_real_updates
branch,n_real_updates
add,n_real_updates
branch,n_real_updates
icmp,n_real_updates
branch,n_real_updates
load,n_real_updates
load,n_real_updates
load,n_real_updates
fmul,n_real_updates
fadd,n_real_updates
store,n_real_updates
branch,n_real_updates
add,n_real_updates
branch,n_real_updates
icmp,n_real_updates
branch,n_real_updates
return,n_real_updates
branch,n_real_updates
icmp,n_real_updates
branch,n_real_updates
load,n_real_updates
load,n_real_updates
load,n_real_updates
fmul,n_real_updates
fadd,n_real_updates
store,n_real_updates
branch,n_real_updates
add,n_real_updates
branch,n_real_updates
icmp,n_real_updates
branch,n_real_updates
load,n_real_updates
load,n_real_updates
load,n_real_updates
fmul,n_real_updates
fadd,n_real_updates
store,n_real_updates
branch,n_real_updates
add,n_real_updates
branch,n_real_updates
icmp,n_real_updates
branch,n_real_updates
load,n_real_updates
load,n_real_updates
load,n_real_updates
fmul,n_real_updates
fadd,n_real_updates
store,n_real_updates
branch,n_real_updates
add,n_real_updates
branch,n_real_updates
icmp,n_real_updates
branch,n_real_updates
load,n_real_updates
load,n_real_updates
load,n_real_updates
fmul,n_real_updates
fadd,n_real_updates
store,n_real_updates
branch,n_real_updates
add,n_real_updates
branch,n_real_updates
icmp,n_real_updates
branch,n_real_updates
load,n_real_updates
load,n_real_updates
load,n_real_updates
fmul,n_real_updates
fadd,n_real_updates
store,n_real_updates
branch,n_real_updates
add,n_real_updates
branch,n_real_updates
icmp,n_real_updates
branch,n_real_updates
load,n_real_updates
load,n_real_updates
load,n_real_updates
fmul,n_real_updates
fadd,n_real_updates
store,n_real_updates
branch,n_real_updates
add,n_real_updates
branch,n_real_updates
icmp,n_real_updates
branch,n_real_updates
load,n_real_updates
load,n_real_updates
load,n_real_updates
fmul,n_real_updates
fadd,n_real_updates
store,n_real_updates
branch,n_real_updates
add,n_real_updates
branch,n_real_updates
icmp,n_real_updates
branch,n_real_updates
load,n_real_updates
load,n_real_updates
load,n_real_updates
fmul,n_real_updates
fadd,n_real_updates
store,n_real_updates
branch,n_real_updates
add,n_real_updates
branch,n_real_updates
icmp,n_real_updates
branch,n_real_updates
load,n_real_updates
load,n_real_updates
load,n_real_updates
fmul,n_real_updates
fadd,n_real_updates
store,n_real_updates
branch,n_real_updates
add,n_real_updates
branch,n_real_updates
icmp,n_real_updates
branch,n_real_updates
load,n_real_updates
load,n_real_updates
load,n_real_updates
fmul,n_real_updates
fadd,n_real_updates
store,n_real_updates
branch,n_real_updates
add,n_real_updates
branch,n_real_updates
icmp,n_real_updates
branch,n_real_updates
load,n_real_updates
load,n_real_updates
load,n_real_updates
fmul,n_real_updates
fadd,n_real_updates
store,n_real_updates
branch,n_real_updates
add,n_real_updates
branch,n_real_updates
icmp,n_real_updates
branch,n_real_updates
load,n_real_updates
load,n_real_updates
load,n_real_updates
fmul,n_real_updates
fadd,n_real_updates
store,n_real_updates
branch,n_real_updates
add,n_real_updates
branch,n_real_updates
icmp,n_real_updates
branch,n_real_updates
load,n_real_updates
load,n_real_updates
load,n_real_updates
fmul,n_real_updates
fadd,n_real_updates
store,n_real_updates
branch,n_real_updates
add,n_real_updates
branch,n_real_updates
icmp,n_real_updates
branch,n_real_updates
load,n_real_updates
load,n_real_updates
load,n_real_updates
fmul,n_real_updates
fadd,n_real_updates
store,n_real_updates
branch,n_real_updates
add,n_real_updates
branch,n_real_updates
icmp,n_real_updates
branch,n_real_updates
load,n_real_updates
load,n_real_updates
load,n_real_updates
fmul,n_real_updates
fadd,n_real_updates
store,n_real_updates
branch,n_real_updates
add,n_real_updates
branch,n_real_updates
icmp,n_real_updates
branch,n_real_updates
load,n_real_updates
load,n_real_updates
load,n_real_updates
fmul,n_real_updates
fadd,n_real_updates
store,n_real_updates
branch,n_real_updates
add,n_real_updates
branch,n_real_updates
icmp,n_real_updates
branch,n_real_updates
load,n_real_updates
load,n_real_updates
load,n_real_updates
fmul,n_real_updates
fadd,n_real_updates
store,n_real_updates
branch,n_real_updates
add,n_real_updates
branch,n_real_updates
icmp,n_real_updates
branch,n_real_updates
load,n_real_updates
load,n_real_updates
load,n_real_updates
fmul,n_real_updates
fadd,n_real_updates
store,n_real_updates
branch,n_real_updates
add,n_real_updates
branch,n_real_updates
icmp,n_real_updates
branch,n_real_updates
load,n_real_updates
load,n_real_updates
load,n_real_updates
fmul,n_real_updates
fadd,n_real_updates
store,n_real_updates
branch,n_real_updates
add,n_real_updates
branch,n_real_updates
icmp,n_real_updates
branch,n_real_updates
load,n_real_updates
load,n_real_updates
load,n_real_updates
fmul,n_real_updates
fadd,n_real_updates
store,n_real_updates
branch,n_real_updates
add,n_real_updates
branch,n_real_updates
icmp,n_real_updates
branch,n_real_updates
load,n_real_updates
load,n_real_updates
load,n_real_updates
fmul,n_real_updates
fadd,n_real_updates
store,n_real_updates
branch,n_real_updates
add,n_real_updates
branch,n_real_updates
icmp,n_real_updates
branch,n_real_updates
load,n_real_updates
load,n_real_updates
load,n_real_updates
fmul,n_real_updates
fadd,n_real_updates
store,n_real_updates
branch,n_real_updates
add,n_real_updates
branch,n_real_updates
icmp,n_real_updates
branch,n_real_updates
load,n_real_updates
load,n_real_updates
load,n_real_updates
fmul,n_real_updates
fadd,n_real_updates
store,n_real_updates
branch,n_real_updates
add,n_real_updates
branch,n_real_updates
icmp,n_real_updates
branch,n_real_updates
load,n_real_updates
load,n_real_updates
load,n_real_updates
fmul,n_real_updates
fadd,n_real_updates
store,n_real_updates
branch,n_real_updates
add,n_real_updates
branch,n_real_updates
icmp,n_real_updates
branch,n_real_updates
load,n_real_updates
load,n_real_updates
load,n_real_updates
fmul,n_real_updates
fadd,n_real_updates
store,n_real_updates
branch,n_real_updates
add,n_real_updates
branch,n_real_updates
icmp,n_real_updates
branch,n_real_updates
load,n_real_updates
load,n_real_updates
load,n_real_updates
fmul,n_real_updates
fadd,n_real_updates
store,n_real_updates
branch,n_real_updates
add,n_real_updates
branch,n_real_updates
icmp,n_real_updates
branch,n_real_updates
load,n_real_updates
load,n_real_updates
load,n_real_updates
fmul,n_real_updates
fadd,n_real_updates
store,n_real_updates
branch,n_real_updates
add,n_real_updates
branch,n_real_updates
icmp,n_real_updates
branch,n_real_updates
load,n_real_updates
load,n_real_updates
load,n_real_updates
fmul,n_real_updates
fadd,n_real_updates
store,n_real_updates
branch,n_real_updates
add,n_real_updates
branch,n_real_updates
icmp,n_real_updates
branch,n_real_updates
load,n_real_updates
load,n_real_updates
load,n_real_updates
fmul,n_real_updates
fadd,n_real_updates
store,n_real_updates
branch,n_real_updates
add,n_real_updates
branch,n_real_updates
icmp,n_real_updates
branch,n_real_updates
load,n_real_updates
load,n_real_updates
load,n_real_updates
fmul,n_real_updates
fadd,n_real_updates
store,n_real_updates
branch,n_real_updates
add,n_real_updates
branch,n_real_updates
icmp,n_real_updates
branch,n_real_updates
load,n_real_updates
load,n_real_updates
load,n_real_updates
fmul,n_real_updates
fadd,n_real_updates
store,n_real_updates
branch,n_real_updates
add,n_real_updates
branch,n_real_updates
icmp,n_real_updates
branch,n_real_updates
load,n_real_updates
load,n_real_updates
load,n_real_updates
fmul,n_real_updates
fadd,n_real_updates
store,n_real_updates
branch,n_real_updates
add,n_real_updates
branch,n_real_updates
icmp,n_real_updates
branch,n_real_updates
load,n_real_updates
load,n_real_updates
load,n_real_updates
fmul,n_real_updates
fadd,n_real_updates
store,n_real_updates
branch,n_real_updates
add,n_real_updates
branch,n_real_updates
icmp,n_real_updates
branch,n_real_updates
load,n_real_updates
load,n_real_updates
load,n_real_updates
fmul,n_real_updates
fadd,n_real_updates
store,n_real_updates
branch,n_real_updates
add,n_real_updates
branch,n_real_updates
icmp,n_real_updates
branch,n_real_updates
load,n_real_updates
load,n_real_updates
load,n_real_updates
fmul,n_real_updates
fadd,n_real_updates
store,n_real_updates
branch,n_real_updates
add,n_real_updates
branch,n_real_updates
icmp,n_real_updates
branch,n_real_updates
load,n_real_updates
load,n_real_updates
load,n_real_updates
fmul,n_real_updates
fadd,n_real_updates
store,n_real_updates
branch,n_real_updates
add,n_real_updates
branch,n_real_updates
icmp,n_real_updates
branch,n_real_updates
load,n_real_updates
load,n_real_updates
load,n_real_updates
fmul,n_real_updates
fadd,n_real_updates
store,n_real_updates
branch,n_real_updates
add,n_real_updates
branch,n_real_updates
icmp,n_real_updates
branch,n_real_updates
load,n_real_updates
load,n_real_updates
load,n_real_updates
fmul,n_real_updates
fadd,n_real_updates
store,n_real_updates
branch,n_real_updates
add,n_real_updates
branch,n_real_updates
icmp,n_real_updates
branch,n_real_updates
load,n_real_updates
load,n_real_updates
load,n_real_updates
fmul,n_real_updates
fadd,n_real_updates
store,n_real_updates
branch,n_real_updates
add,n_real_updates
branch,n_real_updates
icmp,n_real_updates
branch,n_real_updates
load,n_real_updates
load,n_real_updates
load,n_real_updates
fmul,n_real_updates
fadd,n_real_updates
store,n_real_updates
branch,n_real_updates
add,n_real_updates
branch,n_real_updates
icmp,n_real_updates
branch,n_real_updates
load,n_real_updates
load,n_real_updates
load,n_real_updates
fmul,n_real_updates
fadd,n_real_updates
store,n_real_updates
branch,n_real_updates
add,n_real_updates
branch,n_real_updates
icmp,n_real_updates
branch,n_real_updates
load,n_real_updates
load,n_real_updates
load,n_real_updates
fmul,n_real_updates
fadd,n_real_updates
store,n_real_updates
branch,n_real_updates
add,n_real_updates
branch,n_real_updates
icmp,n_real_updates
branch,n_real_updates
load,n_real_updates
load,n_real_updates
load,n_real_updates
fmul,n_real_updates
fadd,n_real_updates
store,n_real_updates
branch,n_real_updates
add,n_real_updates
branch,n_real_updates
icmp,n_real_updates
branch,n_real_updates
load,n_real_updates
load,n_real_updates
load,n_real_updates
fmul,n_real_updates
fadd,n_real_updates
store,n_real_updates
branch,n_real_updates
add,n_real_updates
branch,n_real_updates
icmp,n_real_updates
branch,n_real_updates
load,n_real_updates
load,n_real_updates
load,n_real_updates
fmul,n_real_updates
fadd,n_real_updates
store,n_real_updates
branch,n_real_updates
add,n_real_updates
branch,n_real_updates
icmp,n_real_updates
branch,n_real_updates
load,n_real_updates
load,n_real_updates
load,n_real_updates
fmul,n_real_updates
fadd,n_real_updates
store,n_real_updates
branch,n_real_updates
add,n_real_updates
branch,n_real_updates
icmp,n_real_updates
branch,n_real_updates
load,n_real_updates
load,n_real_updates
load,n_real_updates
fmul,n_real_updates
fadd,n_real_updates
store,n_real_updates
branch,n_real_updates
add,n_real_updates
branch,n_real_updates
icmp,n_real_updates
branch,n_real_updates
load,n_real_updates
load,n_real_updates
load,n_real_updates
fmul,n_real_updates
fadd,n_real_updates
store,n_real_updates
branch,n_real_updates
add,n_real_updates
branch,n_real_updates
icmp,n_real_updates
branch,n_real_updates
load,n_real_updates
load,n_real_updates
load,n_real_updates
fmul,n_real_updates
fadd,n_real_updates
store,n_real_updates
branch,n_real_updates
add,n_real_updates
branch,n_real_updates
icmp,n_real_updates
branch,n_real_updates
load,n_real_updates
load,n_real_updates
load,n_real_updates
fmul,n_real_updates
fadd,n_real_updates
store,n_real_updates
branch,n_real_updates
add,n_real_updates
branch,n_real_updates
icmp,n_real_updates
branch,n_real_updates
load,n_real_updates
load,n_real_updates
load,n_real_updates
fmul,n_real_updates
fadd,n_real_updates
store,n_real_updates
branch,n_real_updates
add,n_real_updates
branch,n_real_updates
icmp,n_real_updates
branch,n_real_updates
load,n_real_updates
load,n_real_updates
load,n_real_updates
fmul,n_real_updates
fadd,n_real_updates
store,n_real_updates
branch,n_real_updates
add,n_real_updates
branch,n_real_updates
icmp,n_real_updates
branch,n_real_updates
load,n_real_updates
load,n_real_updates
load,n_real_updates
fmul,n_real_updates
fadd,n_real_updates
store,n_real_updates
branch,n_real_updates
add,n_real_updates
branch,n_real_updates
icmp,n_real_updates
branch,n_real_updates
load,n_real_updates
load,n_real_updates
load,n_real_updates
fmul,n_real_updates
fadd,n_real_updates
store,n_real_updates
branch,n_real_updates
add,n_real_updates
branch,n_real_updates
icmp,n_real_updates
branch,n_real_updates
load,n_real_updates
load,n_real_updates
load,n_real_updates
fmul,n_real_updates
fadd,n_real_updates
store,n_real_updates
branch,n_real_updates
add,n_real_updates
branch,n_real_updates
icmp,n_real_updates
branch,n_real_updates
load,n_real_updates
load,n_real_updates
load,n_real_updates
fmul,n_real_updates
fadd,n_real_updates
store,n_real_updates
branch,n_real_updates
add,n_real_updates
branch,n_real_updates
icmp,n_real_updates
branch,n_real_updates
load,n_real_updates
load,n_real_updates
load,n_real_updates
fmul,n_real_updates
fadd,n_real_updates
store,n_real_updates
branch,n_real_updates
add,n_real_updates
branch,n_real_updates
icmp,n_real_updates
branch,n_real_updates
load,n_real_updates
load,n_real_updates
load,n_real_updates
fmul,n_real_updates
fadd,n_real_updates
store,n_real_updates
branch,n_real_updates
add,n_real_updates
branch,n_real_updates
icmp,n_real_updates
branch,n_real_updates
load,n_real_updates
load,n_real_updates
load,n_real_updates
fmul,n_real_updates
fadd,n_real_updates
store,n_real_updates
branch,n_real_updates
add,n_real_updates
branch,n_real_updates
icmp,n_real_updates
branch,n_real_updates
load,n_real_updates
load,n_real_updates
load,n_real_updates
fmul,n_real_updates
fadd,n_real_updates
store,n_real_updates
branch,n_real_updates
add,n_real_updates
branch,n_real_updates
icmp,n_real_updates
branch,n_real_updates
load,n_real_updates
load,n_real_updates
load,n_real_updates
fmul,n_real_updates
fadd,n_real_updates
store,n_real_updates
branch,n_real_updates
add,n_real_updates
branch,n_real_updates
icmp,n_real_updates
branch,n_real_updates
load,n_real_updates
load,n_real_updates
load,n_real_updates
fmul,n_real_updates
fadd,n_real_updates
store,n_real_updates
branch,n_real_updates
add,n_real_updates
branch,n_real_updates
icmp,n_real_updates
branch,n_real_updates
load,n_real_updates
load,n_real_updates
load,n_real_updates
fmul,n_real_updates
fadd,n_real_updates
store,n_real_updates
branch,n_real_updates
add,n_real_updates
branch,n_real_updates
icmp,n_real_updates
branch,n_real_updates
load,n_real_updates
load,n_real_updates
load,n_real_updates
fmul,n_real_updates
fadd,n_real_updates
store,n_real_updates
branch,n_real_updates
add,n_real_updates
branch,n_real_updates
icmp,n_real_updates
branch,n_real_updates
load,n_real_updates
load,n_real_updates
load,n_real_updates
fmul,n_real_updates
fadd,n_real_updates
store,n_real_updates
branch,n_real_updates
add,n_real_updates
branch,n_real_updates
icmp,n_real_updates
branch,n_real_updates
load,n_real_updates
load,n_real_updates
load,n_real_updates
fmul,n_real_updates
fadd,n_real_updates
store,n_real_updates
branch,n_real_updates
add,n_real_updates
branch,n_real_updates
icmp,n_real_updates
branch,n_real_updates
load,n_real_updates
load,n_real_updates
load,n_real_updates
fmul,n_real_updates
fadd,n_real_updates
store,n_real_updates
branch,n_real_updates
add,n_real_updates
branch,n_real_updates
icmp,n_real_updates
branch,n_real_updates
load,n_real_updates
load,n_real_updates
load,n_real_updates
fmul,n_real_updates
fadd,n_real_updates
store,n_real_updates
branch,n_real_updates
add,n_real_updates
branch,n_real_updates
icmp,n_real_updates
branch,n_real_updates
load,n_real_updates
load,n_real_updates
load,n_real_updates
fmul,n_real_updates
fadd,n_real_updates
store,n_real_updates
branch,n_real_updates
add,n_real_updates
branch,n_real_updates
icmp,n_real_updates
branch,n_real_updates
load,n_real_updates
load,n_real_updates
load,n_real_updates
fmul,n_real_updates
fadd,n_real_updates
store,n_real_updates
branch,n_real_updates
add,n_real_updates
branch,n_real_updates
icmp,n_real_updates
branch,n_real_updates
load,n_real_updates
load,n_real_updates
load,n_real_updates
fmul,n_real_updates
fadd,n_real_updates
store,n_real_updates
branch,n_real_updates
add,n_real_updates
branch,n_real_updates
icmp,n_real_updates
branch,n_real_updates
load,n_real_updates
load,n_real_updates
load,n_real_updates
fmul,n_real_updates
fadd,n_real_updates
store,n_real_updates
branch,n_real_updates
add,n_real_updates
branch,n_real_updates
icmp,n_real_updates
branch,n_real_updates
load,n_real_updates
load,n_real_updates
load,n_real_updates
fmul,n_real_updates
fadd,n_real_updates
store,n_real_updates
branch,n_real_updates
add,n_real_updates
branch,n_real_updates
icmp,n_real_updates
branch,n_real_updates
load,n_real_updates
load,n_real_updates
load,n_real_updates
fmul,n_real_updates
fadd,n_real_updates
store,n_real_updates
branch,n_real_updates
add,n_real_updates
branch,n_real_updates
icmp,n_real_updates
branch,n_real_updates
load,n_real_updates
load,n_real_updates
load,n_real_updates
fmul,n_real_updates
fadd,n_real_updates
store,n_real_updates
branch,n_real_updates
add,n_real_updates
branch,n_real_updates
icmp,n_real_updates
branch,n_real_updates
load,n_real_updates
load,n_real_updates
load,n_real_updates
fmul,n_real_updates
fadd,n_real_updates
store,n_real_updates
branch,n_real_updates
add,n_real_updates
branch,n_real_updates
icmp,n_real_updates
branch,n_real_updates
load,n_real_updates
load,n_real_updates
load,n_real_updates
fmul,n_real_updates
fadd,n_real_updates
store,n_real_updates
branch,n_real_updates
add,n_real_updates
branch,n_real_updates
icmp,n_real_updates
branch,n_real_updates
load,n_real_updates
load,n_real_updates
load,n_real_updates
fmul,n_real_updates
fadd,n_real_updates
store,n_real_updates
branch,n_real_updates
add,n_real_updates
branch,n_real_updates
icmp,n_real_updates
branch,n_real_updates
load,n_real_updates
load,n_real_updates
load,n_real_updates
fmul,n_real_updates
fadd,n_real_updates
store,n_real_updates
branch,n_real_updates
add,n_real_updates
branch,n_real_updates
icmp,n_real_updates
branch,n_real_updates
load,n_real_updates
load,n_real_updates
load,n_real_updates
fmul,n_real_updates
fadd,n_real_updates
store,n_real_updates
branch,n_real_updates
add,n_real_updates
branch,n_real_updates
icmp,n_real_updates
branch,n_real_updates
load,n_real_updates
load,n_real_updates
load,n_real_updates
fmul,n_real_updates
fadd,n_real_updates
store,n_real_updates
branch,n_real_updates
add,n_real_updates
branch,n_real_updates
icmp,n_real_updates
branch,n_real_updates
load,n_real_updates
load,n_real_updates
load,n_real_updates
fmul,n_real_updates
fadd,n_real_updates
store,n_real_updates
branch,n_real_updates
add,n_real_updates
branch,n_real_updates
icmp,n_real_updates
branch,n_real_updates
load,n_real_updates
load,n_real_updates
load,n_real_updates
fmul,n_real_updates
fadd,n_real_updates
store,n_real_updates
branch,n_real_updates
add,n_real_updates
branch,n_real_updates
icmp,n_real_updates
branch,n_real_updates
load,n_real_updates
load,n_real_updates
load,n_real_updates
fmul,n_real_updates
fadd,n_real_updates
store,n_real_updates
branch,n_real_updates
add,n_real_updates
branch,n_real_updates
icmp,n_real_updates
branch,n_real_updates
load,n_real_updates
load,n_real_updates
load,n_real_updates
fmul,n_real_updates
fadd,n_real_updates
store,n_real_updates
branch,n_real_updates
add,n_real_updates
branch,n_real_updates
icmp,n_real_updates
branch,n_real_updates
load,n_real_updates
load,n_real_updates
load,n_real_updates
fmul,n_real_updates
fadd,n_real_updates
store,n_real_updates
branch,n_real_updates
add,n_real_updates
branch,n_real_updates
icmp,n_real_updates
branch,n_real_updates
load,n_real_updates
load,n_real_updates
load,n_real_updates
fmul,n_real_updates
fadd,n_real_updates
store,n_real_updates
branch,n_real_updates
add,n_real_updates
branch,n_real_updates
icmp,n_real_updates
branch,n_real_updates
load,n_real_updates
load,n_real_updates
load,n_real_updates
fmul,n_real_updates
fadd,n_real_updates
store,n_real_updates
branch,n_real_updates
add,n_real_updates
branch,n_real_updates
icmp,n_real_updates
branch,n_real_updates
load,n_real_updates
load,n_real_updates
load,n_real_updates
fmul,n_real_updates
fadd,n_real_updates
store,n_real_updates
branch,n_real_updates
add,n_real_updates
branch,n_real_updates
icmp,n_real_updates
branch,n_real_updates
load,n_real_updates
load,n_real_updates
load,n_real_updates
fmul,n_real_updates
fadd,n_real_updates
store,n_real_updates
branch,n_real_updates
add,n_real_updates
branch,n_real_updates
icmp,n_real_updates
branch,n_real_updates
load,n_real_updates
load,n_real_updates
load,n_real_updates
fmul,n_real_updates
fadd,n_real_updates
store,n_real_updates
branch,n_real_updates
add,n_real_updates
branch,n_real_updates
icmp,n_real_updates
branch,n_real_updates
load,n_real_updates
load,n_real_updates
load,n_real_updates
fmul,n_real_updates
fadd,n_real_updates
store,n_real_updates
branch,n_real_updates
add,n_real_updates
branch,n_real_updates
icmp,n_real_updates
branch,n_real_updates
load,n_real_updates
load,n_real_updates
load,n_real_updates
fmul,n_real_updates
fadd,n_real_updates
store,n_real_updates
branch,n_real_updates
add,n_real_updates
branch,n_real_updates
icmp,n_real_updates
branch,n_real_updates
load,n_real_updates
load,n_real_updates
load,n_real_updates
fmul,n_real_updates
fadd,n_real_updates
store,n_real_updates
branch,n_real_updates
add,n_real_updates
branch,n_real_updates
icmp,n_real_updates
branch,n_real_updates
load,n_real_updates
load,n_real_updates
load,n_real_updates
fmul,n_real_updates
fadd,n_real_updates
store,n_real_updates
branch,n_real_updates
add,n_real_updates
branch,n_real_updates
icmp,n_real_updates
branch,n_real_updates
load,n_real_updates
load,n_real_updates
load,n_real_updates
fmul,n_real_updates
fadd,n_real_updates
store,n_real_updates
branch,n_real_updates
add,n_real_updates
branch,n_real_updates
icmp,n_real_updates
branch,n_real_updates
load,n_real_updates
load,n_real_updates
load,n_real_updates
fmul,n_real_updates
fadd,n_real_updates
store,n_real_updates
branch,n_real_updates
add,n_real_updates
branch,n_real_updates
icmp,n_real_updates
branch,n_real_updates
load,n_real_updates
load,n_real_updates
load,n_real_updates
fmul,n_real_updates
fadd,n_real_updates
store,n_real_updates
branch,n_real_updates
add,n_real_updates
branch,n_real_updates
icmp,n_real_updates
branch,n_real_updates
load,n_real_updates
load,n_real_updates
load,n_real_updates
fmul,n_real_updates
fadd,n_real_updates
store,n_real_updates
branch,n_real_updates
add,n_real_updates
branch,n_real_updates
icmp,n_real_updates
branch,n_real_updates
load,n_real_updates
load,n_real_updates
load,n_real_updates
fmul,n_real_updates
fadd,n_real_updates
store,n_real_updates
branch,n_real_updates
add,n_real_updates
branch,n_real_updates
icmp,n_real_updates
branch,n_real_updates
load,n_real_updates
load,n_real_updates
load,n_real_updates
fmul,n_real_updates
fadd,n_real_updates
store,n_real_updates
branch,n_real_updates
add,n_real_updates
branch,n_real_updates
icmp,n_real_updates
branch,n_real_updates
load,n_real_updates
load,n_real_updates
load,n_real_updates
fmul,n_real_updates
fadd,n_real_updates
store,n_real_updates
branch,n_real_updates
add,n_real_updates
branch,n_real_updates
icmp,n_real_updates
branch,n_real_updates
load,n_real_updates
load,n_real_updates
load,n_real_updates
fmul,n_real_updates
fadd,n_real_updates
store,n_real_updates
branch,n_real_updates
add,n_real_updates
branch,n_real_updates
icmp,n_real_updates
branch,n_real_updates
load,n_real_updates
load,n_real_updates
load,n_real_updates
fmul,n_real_updates
fadd,n_real_updates
store,n_real_updates
branch,n_real_updates
add,n_real_updates
branch,n_real_updates
icmp,n_real_updates
branch,n_real_updates
load,n_real_updates
load,n_real_updates
load,n_real_updates
fmul,n_real_updates
fadd,n_real_updates
store,n_real_updates
branch,n_real_updates
add,n_real_updates
branch,n_real_updates
icmp,n_real_updates
branch,n_real_updates
load,n_real_updates
load,n_real_updates
load,n_real_updates
fmul,n_real_updates
fadd,n_real_updates
store,n_real_updates
branch,n_real_updates
add,n_real_updates
branch,n_real_updates
icmp,n_real_updates
branch,n_real_updates
load,n_real_updates
load,n_real_updates
load,n_real_updates
fmul,n_real_updates
fadd,n_real_updates
store,n_real_updates
branch,n_real_updates
add,n_real_updates
branch,n_real_updates
icmp,n_real_updates
branch,n_real_updates
load,n_real_updates
load,n_real_updates
load,n_real_updates
fmul,n_real_updates
fadd,n_real_updates
store,n_real_updates
branch,n_real_updates
add,n_real_updates
branch,n_real_updates
icmp,n_real_updates
branch,n_real_updates
load,n_real_updates
load,n_real_updates
load,n_real_updates
fmul,n_real_updates
fadd,n_real_updates
store,n_real_updates
branch,n_real_updates
add,n_real_updates
branch,n_real_updates
icmp,n_real_updates
branch,n_real_updates
load,n_real_updates
load,n_real_updates
load,n_real_updates
fmul,n_real_updates
fadd,n_real_updates
store,n_real_updates
branch,n_real_updates
add,n_real_updates
branch,n_real_updates
icmp,n_real_updates
branch,n_real_updates
load,n_real_updates
load,n_real_updates
load,n_real_updates
fmul,n_real_updates
fadd,n_real_updates
store,n_real_updates
branch,n_real_updates
add,n_real_updates
branch,n_real_updates
icmp,n_real_updates
branch,n_real_updates
load,n_real_updates
load,n_real_updates
load,n_real_updates
fmul,n_real_updates
fadd,n_real_updates
store,n_real_updates
branch,n_real_updates
add,n_real_updates
branch,n_real_updates
icmp,n_real_updates
branch,n_real_updates
load,n_real_updates
load,n_real_updates
load,n_real_updates
fmul,n_real_updates
fadd,n_real_updates
store,n_real_updates
branch,n_real_updates
add,n_real_updates
branch,n_real_updates
icmp,n_real_updates
branch,n_real_updates
load,n_real_updates
load,n_real_updates
load,n_real_updates
fmul,n_real_updates
fadd,n_real_updates
store,n_real_updates
branch,n_real_updates
add,n_real_updates
branch,n_real_updates
icmp,n_real_updates
branch,n_real_updates
load,n_real_updates
load,n_real_updates
load,n_real_updates
fmul,n_real_updates
fadd,n_real_updates
store,n_real_updates
branch,n_real_updates
add,n_real_updates
branch,n_real_updates
icmp,n_real_updates
branch,n_real_updates
load,n_real_updates
load,n_real_updates
load,n_real_updates
fmul,n_real_updates
fadd,n_real_updates
store,n_real_updates
branch,n_real_updates
add,n_real_updates
branch,n_real_updates
icmp,n_real_updates
branch,n_real_updates
load,n_real_updates
load,n_real_updates
load,n_real_updates
fmul,n_real_updates
fadd,n_real_updates
store,n_real_updates
branch,n_real_updates
add,n_real_updates
branch,n_real_updates
icmp,n_real_updates
branch,n_real_updates
load,n_real_updates
load,n_real_updates
load,n_real_updates
fmul,n_real_updates
fadd,n_real_updates
store,n_real_updates
branch,n_real_updates
add,n_real_updates
branch,n_real_updates
icmp,n_real_updates
branch,n_real_updates
load,n_real_updates
load,n_real_updates
load,n_real_updates
fmul,n_real_updates
fadd,n_real_updates
store,n_real_updates
branch,n_real_updates
add,n_real_updates
branch,n_real_updates
icmp,n_real_updates
branch,n_real_updates
load,n_real_updates
load,n_real_updates
load,n_real_updates
fmul,n_real_updates
fadd,n_real_updates
store,n_real_updates
branch,n_real_updates
add,n_real_updates
branch,n_real_updates
icmp,n_real_updates
branch,n_real_updates
load,n_real_updates
load,n_real_updates
load,n_real_updates
fmul,n_real_updates
fadd,n_real_updates
store,n_real_updates
branch,n_real_updates
add,n_real_updates
branch,n_real_updates
icmp,n_real_updates
branch,n_real_updates
load,n_real_updates
load,n_real_updates
load,n_real_updates
fmul,n_real_updates
fadd,n_real_updates
store,n_real_updates
branch,n_real_updates
add,n_real_updates
branch,n_real_updates
icmp,n_real_updates
branch,n_real_updates
load,n_real_updates
load,n_real_updates
load,n_real_updates
fmul,n_real_updates
fadd,n_real_updates
store,n_real_updates
branch,n_real_updates
add,n_real_updates
branch,n_real_updates
icmp,n_real_updates
branch,n_real_updates
load,n_real_updates
load,n_real_updates
load,n_real_updates
fmul,n_real_updates
fadd,n_real_updates
store,n_real_updates
branch,n_real_updates
add,n_real_updates
branch,n_real_updates
icmp,n_real_updates
branch,n_real_updates
load,n_real_updates
load,n_real_updates
load,n_real_updates
fmul,n_real_updates
fadd,n_real_updates
store,n_real_updates
branch,n_real_updates
add,n_real_updates
branch,n_real_updates
icmp,n_real_updates
branch,n_real_updates
load,n_real_updates
load,n_real_updates
load,n_real_updates
fmul,n_real_updates
fadd,n_real_updates
store,n_real_updates
branch,n_real_updates
add,n_real_updates
branch,n_real_updates
icmp,n_real_updates
branch,n_real_updates
load,n_real_updates
load,n_real_updates
load,n_real_updates
fmul,n_real_updates
fadd,n_real_updates
store,n_real_updates
branch,n_real_updates
add,n_real_updates
branch,n_real_updates
icmp,n_real_updates
branch,n_real_updates
load,n_real_updates
load,n_real_updates
load,n_real_updates
fmul,n_real_updates
fadd,n_real_updates
store,n_real_updates
branch,n_real_updates
add,n_real_updates
branch,n_real_updates
icmp,n_real_updates
branch,n_real_updates
return,n_real_updates
